eu_country,eu_iso3,fsu_country,fsu_iso3,year,flow,value_th,eu_iso3_map,is_mirror
Austria,AUT,Armenia,ARM,2021,export,22042.150432,AUT,False
Austria,AUT,Armenia,ARM,2021,import,12349.102754,AUT,False
Belgium,BEL,Armenia,ARM,2021,export,43398.459599,BEL,False
Belgium,BEL,Armenia,ARM,2021,import,29548.322773,BEL,False
Bulgaria,BGR,Armenia,ARM,2021,export,41694.7940868405,BGR,False
Bulgaria,BGR,Armenia,ARM,2021,import,1037.71249255531,BGR,False
Croatia,HRV,Armenia,ARM,2021,export,483.476,HRV,False
Croatia,HRV,Armenia,ARM,2021,import,192.642,HRV,False
Cyprus,CYP,Armenia,ARM,2021,export,863.62633,CYP,False
Cyprus,CYP,Armenia,ARM,2021,import,26.321886,CYP,False
Czechia,CZE,Armenia,ARM,2021,export,55923.814,CZE,False
Czechia,CZE,Armenia,ARM,2021,import,6642.579,CZE,False
Denmark,DNK,Armenia,ARM,2021,export,13930.736875,DNK,False
Denmark,DNK,Armenia,ARM,2021,import,815.050377,DNK,False
Estonia,EST,Armenia,ARM,2021,export,1853.28928,EST,False
Estonia,EST,Armenia,ARM,2021,import,1227.85079,EST,False
Finland,FIN,Armenia,ARM,2021,export,16354.0317585638,FIN,False
Finland,FIN,Armenia,ARM,2021,import,238.66043619366,FIN,False
France,FRA,Armenia,ARM,2021,export,58203.135579,FRA,False
France,FRA,Armenia,ARM,2021,import,4029.014328,FRA,False
Germany,DEU,Armenia,ARM,2021,export,218965.236547928,DEU,False
Germany,DEU,Armenia,ARM,2021,import,129370.769674168,DEU,False
Greece,GRC,Armenia,ARM,2021,export,14066.205136,GRC,False
Greece,GRC,Armenia,ARM,2021,import,105.95106,GRC,False
Hungary,HUN,Armenia,ARM,2021,export,19795.108,HUN,False
Hungary,HUN,Armenia,ARM,2021,import,965.325,HUN,False
Ireland,IRL,Armenia,ARM,2021,export,1049.919756,IRL,False
Ireland,IRL,Armenia,ARM,2021,import,370.986605,IRL,False
Italy,ITA,Armenia,ARM,2021,export,163837.734194952,ITA,False
Italy,ITA,Armenia,ARM,2021,import,61902.2327762723,ITA,False
Latvia,LVA,Armenia,ARM,2021,export,9971.648071,LVA,False
Latvia,LVA,Armenia,ARM,2021,import,3714.749583,LVA,False
Lithuania,LTU,Armenia,ARM,2021,export,20227.757,LTU,False
Lithuania,LTU,Armenia,ARM,2021,import,21733.18,LTU,False
Luxembourg,LUX,Armenia,ARM,2021,export,127.691884576049,LUX,False
Luxembourg,LUX,Armenia,ARM,2021,import,1353.4932736811,LUX,False
Malta,MLT,Armenia,ARM,2021,import,69.847912,MLT,False
Netherlands,NLD,Armenia,ARM,2021,export,58345.678258048,NLD,False
Netherlands,NLD,Armenia,ARM,2021,import,7718.64250666077,NLD,False
Poland,POL,Armenia,ARM,2021,export,43641.823,POL,False
Poland,POL,Armenia,ARM,2021,import,24141.642,POL,False
Portugal,PRT,Armenia,ARM,2021,export,3008.31417136872,PRT,False
Portugal,PRT,Armenia,ARM,2021,import,475.1659195425,PRT,False
Romania,ROM,Armenia,ARM,2021,export,4551.65187,ROU,False
Romania,ROM,Armenia,ARM,2021,import,191.1781,ROU,False
Slovakia,SVK,Armenia,ARM,2021,export,15290.754134,SVK,False
Slovakia,SVK,Armenia,ARM,2021,import,16066.947569,SVK,False
Slovenia,SVN,Armenia,ARM,2021,export,10562.6671908,SVN,False
Slovenia,SVN,Armenia,ARM,2021,import,10550.6618233,SVN,False
Spain,ESP,Armenia,ARM,2021,export,35763.191105854,ESP,False
Spain,ESP,Armenia,ARM,2021,import,76202.5231308271,ESP,False
Sweden,SWE,Armenia,ARM,2021,export,11104.792972,SWE,False
Sweden,SWE,Armenia,ARM,2021,import,754.497699,SWE,False
Austria,AUT,Armenia,ARM,2023,export,60121.156267,AUT,False
Austria,AUT,Armenia,ARM,2023,import,9822.406334,AUT,False
Belgium,BEL,Armenia,ARM,2023,export,91854.71007,BEL,False
Belgium,BEL,Armenia,ARM,2023,import,191780.945769,BEL,False
Bulgaria,BGR,Armenia,ARM,2023,export,77018.626508,BGR,False
Bulgaria,BGR,Armenia,ARM,2023,import,3148.827486,BGR,False
Croatia,HRV,Armenia,ARM,2023,export,6152.142,HRV,False
Croatia,HRV,Armenia,ARM,2023,import,236.808,HRV,False
Cyprus,CYP,Armenia,ARM,2023,export,1695.693026,CYP,False
Cyprus,CYP,Armenia,ARM,2023,import,756.543109,CYP,False
Czechia,CZE,Armenia,ARM,2023,export,150678.764,CZE,False
Czechia,CZE,Armenia,ARM,2023,import,7167.597,CZE,False
Denmark,DNK,Armenia,ARM,2023,export,21592.168269,DNK,False
Denmark,DNK,Armenia,ARM,2023,import,198.573875,DNK,False
Estonia,EST,Armenia,ARM,2023,export,23767.17598,EST,False
Estonia,EST,Armenia,ARM,2023,import,1646.50795,EST,False
Finland,FIN,Armenia,ARM,2023,export,56323.661941,FIN,False
Finland,FIN,Armenia,ARM,2023,import,475.105107,FIN,False
France,FRA,Armenia,ARM,2023,export,141931.578178,FRA,False
France,FRA,Armenia,ARM,2023,import,6303.313809,FRA,False
Germany,DEU,Armenia,ARM,2023,export,550401.983176,DEU,False
Germany,DEU,Armenia,ARM,2023,import,191184.475647,DEU,False
Greece,GRC,Armenia,ARM,2023,export,25599.326521,GRC,False
Greece,GRC,Armenia,ARM,2023,import,3657.520859,GRC,False
Hungary,HUN,Armenia,ARM,2023,export,33191.499,HUN,False
Hungary,HUN,Armenia,ARM,2023,import,1289.515,HUN,False
Ireland,IRL,Armenia,ARM,2023,export,11547.281719,IRL,False
Ireland,IRL,Armenia,ARM,2023,import,164.806963,IRL,False
Italy,ITA,Armenia,ARM,2023,export,361224.123296,ITA,False
Italy,ITA,Armenia,ARM,2023,import,65398.514833,ITA,False
Latvia,LVA,Armenia,ARM,2023,export,18451.18402,LVA,False
Latvia,LVA,Armenia,ARM,2023,import,4233.297481,LVA,False
Lithuania,LTU,Armenia,ARM,2023,export,126938.121,LTU,False
Lithuania,LTU,Armenia,ARM,2023,import,3591.285,LTU,False
Luxembourg,LUX,Armenia,ARM,2023,export,2944.888415,LUX,False
Luxembourg,LUX,Armenia,ARM,2023,import,126.94285,LUX,False
Malta,MLT,Armenia,ARM,2023,export,9.60599,MLT,False
Malta,MLT,Armenia,ARM,2023,import,37.959016,MLT,False
Netherlands,NLD,Armenia,ARM,2023,export,107783.901975,NLD,False
Netherlands,NLD,Armenia,ARM,2023,import,58736.054409,NLD,False
Poland,POL,Armenia,ARM,2023,export,237864.213,POL,False
Poland,POL,Armenia,ARM,2023,import,37904.908,POL,False
Portugal,PRT,Armenia,ARM,2023,export,10510.011,PRT,False
Portugal,PRT,Armenia,ARM,2023,import,171.274031,PRT,False
Romania,ROM,Armenia,ARM,2023,export,14510.30232,ROU,False
Romania,ROM,Armenia,ARM,2023,import,3726.1097,ROU,False
Slovakia,SVK,Armenia,ARM,2023,export,54326.586913,SVK,False
Slovakia,SVK,Armenia,ARM,2023,import,45523.252465,SVK,False
Slovenia,SVN,Armenia,ARM,2023,export,23125.969582,SVN,False
Slovenia,SVN,Armenia,ARM,2023,import,22883.61231,SVN,False
Spain,ESP,Armenia,ARM,2023,export,60080.368879,ESP,False
Spain,ESP,Armenia,ARM,2023,import,71371.782209,ESP,False
Sweden,SWE,Armenia,ARM,2023,export,19470.86244,SWE,False
Sweden,SWE,Armenia,ARM,2023,import,832.598051,SWE,False
Austria,AUT,Azerbaijan,AZE,2021,export,59948.643835,AUT,False
Austria,AUT,Azerbaijan,AZE,2021,import,61139.80289,AUT,False
Belgium,BEL,Azerbaijan,AZE,2021,export,55761.593911,BEL,False
Belgium,BEL,Azerbaijan,AZE,2021,import,6080.876086,BEL,False
Bulgaria,BGR,Azerbaijan,AZE,2021,export,23249.3667476618,BGR,False
Bulgaria,BGR,Azerbaijan,AZE,2021,import,74498.3334345831,BGR,False
Croatia,HRV,Azerbaijan,AZE,2021,export,5826.249,HRV,False
Croatia,HRV,Azerbaijan,AZE,2021,import,756629.647,HRV,False
Cyprus,CYP,Azerbaijan,AZE,2021,export,10665.746319,CYP,False
Cyprus,CYP,Azerbaijan,AZE,2021,import,11338.351809,CYP,False
Czechia,CZE,Azerbaijan,AZE,2021,export,88121.159,CZE,False
Czechia,CZE,Azerbaijan,AZE,2021,import,612595.096,CZE,False
Denmark,DNK,Azerbaijan,AZE,2021,export,8526.093631,DNK,False
Denmark,DNK,Azerbaijan,AZE,2021,import,116.200866,DNK,False
Estonia,EST,Azerbaijan,AZE,2021,export,3838.33425,EST,False
Estonia,EST,Azerbaijan,AZE,2021,import,3551.81925,EST,False
Finland,FIN,Azerbaijan,AZE,2021,export,15312.5177380196,FIN,False
Finland,FIN,Azerbaijan,AZE,2021,import,720.45916339464,FIN,False
France,FRA,Azerbaijan,AZE,2021,export,125856.382793,FRA,False
France,FRA,Azerbaijan,AZE,2021,import,94749.261183,FRA,False
Germany,DEU,Azerbaijan,AZE,2021,export,371712.97257165,DEU,False
Germany,DEU,Azerbaijan,AZE,2021,import,834645.172609294,DEU,False
Greece,GRC,Azerbaijan,AZE,2021,export,14040.598809,GRC,False
Greece,GRC,Azerbaijan,AZE,2021,import,658410.052013,GRC,False
Hungary,HUN,Azerbaijan,AZE,2021,export,48522.305,HUN,False
Hungary,HUN,Azerbaijan,AZE,2021,import,1190.266,HUN,False
Ireland,IRL,Azerbaijan,AZE,2021,export,11167.038972,IRL,False
Ireland,IRL,Azerbaijan,AZE,2021,import,13.376793,IRL,False
Italy,ITA,Azerbaijan,AZE,2021,export,310054.843581581,ITA,False
Italy,ITA,Azerbaijan,AZE,2021,import,10899377.9998162,ITA,False
Latvia,LVA,Azerbaijan,AZE,2021,export,22494.80289,LVA,False
Latvia,LVA,Azerbaijan,AZE,2021,import,1463.636403,LVA,False
Lithuania,LTU,Azerbaijan,AZE,2021,export,40982.318,LTU,False
Lithuania,LTU,Azerbaijan,AZE,2021,import,19156.664,LTU,False
Luxembourg,LUX,Azerbaijan,AZE,2021,export,17755.3269484715,LUX,False
Luxembourg,LUX,Azerbaijan,AZE,2021,import,116.086777517314,LUX,False
Malta,MLT,Azerbaijan,AZE,2021,import,99.965211,MLT,False
Netherlands,NLD,Azerbaijan,AZE,2021,export,120012.426255859,NLD,False
Netherlands,NLD,Azerbaijan,AZE,2021,import,14784.0161441977,NLD,False
Poland,POL,Azerbaijan,AZE,2021,export,95412.684,POL,False
Poland,POL,Azerbaijan,AZE,2021,import,7992.945,POL,False
Portugal,PRT,Azerbaijan,AZE,2021,export,4591.14832521459,PRT,False
Portugal,PRT,Azerbaijan,AZE,2021,import,629713.996200863,PRT,False
Romania,ROM,Azerbaijan,AZE,2021,export,66923.97436,ROU,False
Romania,ROM,Azerbaijan,AZE,2021,import,47081.68215,ROU,False
Slovakia,SVK,Azerbaijan,AZE,2021,export,21220.796424,SVK,False
Slovakia,SVK,Azerbaijan,AZE,2021,import,1817.258014,SVK,False
Slovenia,SVN,Azerbaijan,AZE,2021,export,19523.3992234,SVN,False
Slovenia,SVN,Azerbaijan,AZE,2021,import,365.182404,SVN,False
Spain,ESP,Azerbaijan,AZE,2021,export,94826.291262008,ESP,False
Spain,ESP,Azerbaijan,AZE,2021,import,698289.636538582,ESP,False
Sweden,SWE,Azerbaijan,AZE,2021,export,60368.910442,SWE,False
Sweden,SWE,Azerbaijan,AZE,2021,import,544.973303,SWE,False
Austria,AUT,Azerbaijan,AZE,2023,export,67424.17536,AUT,False
Austria,AUT,Azerbaijan,AZE,2023,import,339594.981593,AUT,False
Belgium,BEL,Azerbaijan,AZE,2023,export,56646.937427,BEL,False
Belgium,BEL,Azerbaijan,AZE,2023,import,44131.510644,BEL,False
Bulgaria,BGR,Azerbaijan,AZE,2023,export,33595.270003,BGR,False
Bulgaria,BGR,Azerbaijan,AZE,2023,import,341512.769826,BGR,False
Croatia,HRV,Azerbaijan,AZE,2023,export,4726.064,HRV,False
Croatia,HRV,Azerbaijan,AZE,2023,import,758773.24,HRV,False
Cyprus,CYP,Azerbaijan,AZE,2023,export,693.599219,CYP,False
Cyprus,CYP,Azerbaijan,AZE,2023,import,33825.610613,CYP,False
Czechia,CZE,Azerbaijan,AZE,2023,export,201340.433,CZE,False
Czechia,CZE,Azerbaijan,AZE,2023,import,1332545.953,CZE,False
Denmark,DNK,Azerbaijan,AZE,2023,export,17183.769168,DNK,False
Denmark,DNK,Azerbaijan,AZE,2023,import,537.017642,DNK,False
Estonia,EST,Azerbaijan,AZE,2023,export,14507.47833,EST,False
Estonia,EST,Azerbaijan,AZE,2023,import,12757.33862,EST,False
Finland,FIN,Azerbaijan,AZE,2023,export,24335.084544,FIN,False
Finland,FIN,Azerbaijan,AZE,2023,import,4289.164468,FIN,False
France,FRA,Azerbaijan,AZE,2023,export,240391.949535,FRA,False
France,FRA,Azerbaijan,AZE,2023,import,249162.484781,FRA,False
Germany,DEU,Azerbaijan,AZE,2023,export,647367.451752,DEU,False
Germany,DEU,Azerbaijan,AZE,2023,import,861389.962915,DEU,False
Greece,GRC,Azerbaijan,AZE,2023,export,19576.535962,GRC,False
Greece,GRC,Azerbaijan,AZE,2023,import,1402954.333187,GRC,False
Hungary,HUN,Azerbaijan,AZE,2023,export,63817.347,HUN,False
Hungary,HUN,Azerbaijan,AZE,2023,import,54882.142,HUN,False
Ireland,IRL,Azerbaijan,AZE,2023,export,17994.811892,IRL,False
Ireland,IRL,Azerbaijan,AZE,2023,import,406878.073024,IRL,False
Italy,ITA,Azerbaijan,AZE,2023,export,406742.613854,ITA,False
Italy,ITA,Azerbaijan,AZE,2023,import,12847416.578688,ITA,False
Latvia,LVA,Azerbaijan,AZE,2023,export,25557.80905,LVA,False
Latvia,LVA,Azerbaijan,AZE,2023,import,6949.825942,LVA,False
Lithuania,LTU,Azerbaijan,AZE,2023,export,62252.1,LTU,False
Lithuania,LTU,Azerbaijan,AZE,2023,import,6228.285,LTU,False
Luxembourg,LUX,Azerbaijan,AZE,2023,export,13735.818539,LUX,False
Luxembourg,LUX,Azerbaijan,AZE,2023,import,30.503853,LUX,False
Malta,MLT,Azerbaijan,AZE,2023,export,24.890804,MLT,False
Malta,MLT,Azerbaijan,AZE,2023,import,16087.434584,MLT,False
Netherlands,NLD,Azerbaijan,AZE,2023,export,173866.128908,NLD,False
Netherlands,NLD,Azerbaijan,AZE,2023,import,34637.182726,NLD,False
Poland,POL,Azerbaijan,AZE,2023,export,160941.36,POL,False
Poland,POL,Azerbaijan,AZE,2023,import,73415.924,POL,False
Portugal,PRT,Azerbaijan,AZE,2023,export,3718.679575,PRT,False
Portugal,PRT,Azerbaijan,AZE,2023,import,438018.207048,PRT,False
Romania,ROM,Azerbaijan,AZE,2023,export,24850.49488,ROU,False
Romania,ROM,Azerbaijan,AZE,2023,import,360077.65715,ROU,False
Slovakia,SVK,Azerbaijan,AZE,2023,export,86113.330384,SVK,False
Slovakia,SVK,Azerbaijan,AZE,2023,import,286.0042,SVK,False
Slovenia,SVN,Azerbaijan,AZE,2023,export,23938.166235,SVN,False
Slovenia,SVN,Azerbaijan,AZE,2023,import,2035.405255,SVN,False
Spain,ESP,Azerbaijan,AZE,2023,export,52792.983752,ESP,False
Spain,ESP,Azerbaijan,AZE,2023,import,969358.120813,ESP,False
Sweden,SWE,Azerbaijan,AZE,2023,export,31059.375682,SWE,False
Sweden,SWE,Azerbaijan,AZE,2023,import,612.149009,SWE,False
Austria,AUT,Belarus,BLR,2021,export,140066.056694,AUT,False
Austria,AUT,Belarus,BLR,2021,import,38317.865858,AUT,False
Belgium,BEL,Belarus,BLR,2021,export,175052.92146,BEL,False
Belgium,BEL,Belarus,BLR,2021,import,175588.057458,BEL,False
Bulgaria,BGR,Belarus,BLR,2021,export,59661.4186931439,BGR,False
Bulgaria,BGR,Belarus,BLR,2021,import,63298.7864854358,BGR,False
Croatia,HRV,Belarus,BLR,2021,export,19344.815,HRV,False
Croatia,HRV,Belarus,BLR,2021,import,13895.666,HRV,False
Cyprus,CYP,Belarus,BLR,2021,export,115.462657,CYP,False
Cyprus,CYP,Belarus,BLR,2021,import,206.732362,CYP,False
Czechia,CZE,Belarus,BLR,2021,export,374019.217,CZE,False
Czechia,CZE,Belarus,BLR,2021,import,204025.891,CZE,False
Denmark,DNK,Belarus,BLR,2021,export,64548.228201,DNK,False
Denmark,DNK,Belarus,BLR,2021,import,54806.76263,DNK,False
Estonia,EST,Belarus,BLR,2021,export,114908.82106,EST,False
Estonia,EST,Belarus,BLR,2021,import,824070.99939,EST,False
Finland,FIN,Belarus,BLR,2021,export,99677.488131467,FIN,False
Finland,FIN,Belarus,BLR,2021,import,27786.7485034152,FIN,False
France,FRA,Belarus,BLR,2021,export,216447.703858,FRA,False
France,FRA,Belarus,BLR,2021,import,77661.407661,FRA,False
Germany,DEU,Belarus,BLR,2021,export,1805564.07227645,DEU,False
Germany,DEU,Belarus,BLR,2021,import,938439.149501706,DEU,False
Greece,GRC,Belarus,BLR,2021,export,18937.371961,GRC,False
Greece,GRC,Belarus,BLR,2021,import,2695.394202,GRC,False
Hungary,HUN,Belarus,BLR,2021,export,137353.189,HUN,False
Hungary,HUN,Belarus,BLR,2021,import,119920.96,HUN,False
Ireland,IRL,Belarus,BLR,2021,export,7703.942227,IRL,False
Ireland,IRL,Belarus,BLR,2021,import,30324.321387,IRL,False
Italy,ITA,Belarus,BLR,2021,export,477409.211261074,ITA,False
Italy,ITA,Belarus,BLR,2021,import,120792.321668052,ITA,False
Latvia,LVA,Belarus,BLR,2021,export,221264.256466,LVA,False
Latvia,LVA,Belarus,BLR,2021,import,548285.256688,LVA,False
Lithuania,LTU,Belarus,BLR,2021,export,1207502.61499,LTU,False
Lithuania,LTU,Belarus,BLR,2021,import,1165641.619,LTU,False
Luxembourg,LUX,Belarus,BLR,2021,export,2477.89707047771,LUX,False
Luxembourg,LUX,Belarus,BLR,2021,import,1267.44452816205,LUX,False
Malta,MLT,Belarus,BLR,2021,export,3.311673,MLT,False
Malta,MLT,Belarus,BLR,2021,import,46.919308,MLT,False
Netherlands,NLD,Belarus,BLR,2021,export,270759.185019804,NLD,False
Netherlands,NLD,Belarus,BLR,2021,import,338878.864798789,NLD,False
Poland,POL,Belarus,BLR,2021,export,1946155.122,POL,False
Poland,POL,Belarus,BLR,2021,import,1683667.941,POL,False
Portugal,PRT,Belarus,BLR,2021,export,13528.6331070978,PRT,False
Portugal,PRT,Belarus,BLR,2021,import,10187.7264468555,PRT,False
Romania,ROM,Belarus,BLR,2021,export,39703.37415,ROU,False
Romania,ROM,Belarus,BLR,2021,import,137957.23732,ROU,False
Slovakia,SVK,Belarus,BLR,2021,export,80480.833474,SVK,False
Slovakia,SVK,Belarus,BLR,2021,import,58922.026428,SVK,False
Slovenia,SVN,Belarus,BLR,2021,export,92907.83987,SVN,False
Slovenia,SVN,Belarus,BLR,2021,import,26589.1817058,SVN,False
Spain,ESP,Belarus,BLR,2021,export,114916.339456994,ESP,False
Spain,ESP,Belarus,BLR,2021,import,90355.6541210897,ESP,False
Sweden,SWE,Belarus,BLR,2021,export,277524.448131,SWE,False
Sweden,SWE,Belarus,BLR,2021,import,55953.040971,SWE,False
Austria,AUT,Belarus,BLR,2023,export,113849.192879,AUT,False
Austria,AUT,Belarus,BLR,2023,import,7027.370202,AUT,False
Belgium,BEL,Belarus,BLR,2023,export,97640.836306,BEL,False
Belgium,BEL,Belarus,BLR,2023,import,4907.309151,BEL,False
Bulgaria,BGR,Belarus,BLR,2023,export,52371.127733,BGR,False
Bulgaria,BGR,Belarus,BLR,2023,import,22835.901559,BGR,False
Croatia,HRV,Belarus,BLR,2023,export,9478.943,HRV,False
Croatia,HRV,Belarus,BLR,2023,import,836.167,HRV,False
Cyprus,CYP,Belarus,BLR,2023,export,16.201729,CYP,False
Cyprus,CYP,Belarus,BLR,2023,import,103.387662,CYP,False
Czechia,CZE,Belarus,BLR,2023,export,156105.325,CZE,False
Czechia,CZE,Belarus,BLR,2023,import,102904.795,CZE,False
Denmark,DNK,Belarus,BLR,2023,export,8684.729662,DNK,False
Denmark,DNK,Belarus,BLR,2023,import,1166.586736,DNK,False
Estonia,EST,Belarus,BLR,2023,export,132949.70517,EST,False
Estonia,EST,Belarus,BLR,2023,import,26106.57429,EST,False
Finland,FIN,Belarus,BLR,2023,export,24965.485775,FIN,False
Finland,FIN,Belarus,BLR,2023,import,5192.183793,FIN,False
France,FRA,Belarus,BLR,2023,export,143129.063712,FRA,False
France,FRA,Belarus,BLR,2023,import,14050.789449,FRA,False
Germany,DEU,Belarus,BLR,2023,export,2087384.860613,DEU,False
Germany,DEU,Belarus,BLR,2023,import,275772.659352,DEU,False
Greece,GRC,Belarus,BLR,2023,export,15229.883685,GRC,False
Greece,GRC,Belarus,BLR,2023,import,2616.646272,GRC,False
Hungary,HUN,Belarus,BLR,2023,export,114232.144,HUN,False
Hungary,HUN,Belarus,BLR,2023,import,22400.897,HUN,False
Ireland,IRL,Belarus,BLR,2023,export,9338.545115,IRL,False
Ireland,IRL,Belarus,BLR,2023,import,8133.438799,IRL,False
Italy,ITA,Belarus,BLR,2023,export,323205.210247,ITA,False
Italy,ITA,Belarus,BLR,2023,import,18958.834231,ITA,False
Latvia,LVA,Belarus,BLR,2023,export,185320.526408,LVA,False
Latvia,LVA,Belarus,BLR,2023,import,187315.548107,LVA,False
Lithuania,LTU,Belarus,BLR,2023,export,1838865.315,LTU,False
Lithuania,LTU,Belarus,BLR,2023,import,301973.883,LTU,False
Luxembourg,LUX,Belarus,BLR,2023,export,1052.715841,LUX,False
Luxembourg,LUX,Belarus,BLR,2023,import,1267.513009,LUX,False
Malta,MLT,Belarus,BLR,2023,import,25.913684,MLT,False
Netherlands,NLD,Belarus,BLR,2023,export,185853.310708,NLD,False
Netherlands,NLD,Belarus,BLR,2023,import,57121.087817,NLD,False
Poland,POL,Belarus,BLR,2023,export,2939116.148,POL,False
Poland,POL,Belarus,BLR,2023,import,492594.125,POL,False
Portugal,PRT,Belarus,BLR,2023,export,15571.912738,PRT,False
Portugal,PRT,Belarus,BLR,2023,import,895.430982,PRT,False
Romania,ROM,Belarus,BLR,2023,export,24340.32928,ROU,False
Romania,ROM,Belarus,BLR,2023,import,22040.79319,ROU,False
Slovakia,SVK,Belarus,BLR,2023,export,39759.859329,SVK,False
Slovakia,SVK,Belarus,BLR,2023,import,12460.782862,SVK,False
Slovenia,SVN,Belarus,BLR,2023,export,106893.233545,SVN,False
Slovenia,SVN,Belarus,BLR,2023,import,13697.379808,SVN,False
Spain,ESP,Belarus,BLR,2023,export,80530.542681,ESP,False
Spain,ESP,Belarus,BLR,2023,import,9198.713727,ESP,False
Sweden,SWE,Belarus,BLR,2023,export,8308.921394,SWE,False
Sweden,SWE,Belarus,BLR,2023,import,370.49388,SWE,False
Austria,AUT,Georgia,GEO,2021,export,62779.076229,AUT,False
Austria,AUT,Georgia,GEO,2021,import,7857.44063,AUT,False
Belgium,BEL,Georgia,GEO,2021,export,69254.704146,BEL,False
Belgium,BEL,Georgia,GEO,2021,import,46150.552751,BEL,False
Bulgaria,BGR,Georgia,GEO,2021,export,229778.070166951,BGR,False
Bulgaria,BGR,Georgia,GEO,2021,import,437873.179515612,BGR,False
Croatia,HRV,Georgia,GEO,2021,export,8868.082,HRV,False
Croatia,HRV,Georgia,GEO,2021,import,370.77,HRV,False
Cyprus,CYP,Georgia,GEO,2021,export,972.787347,CYP,False
Cyprus,CYP,Georgia,GEO,2021,import,3986.802326,CYP,False
Czechia,CZE,Georgia,GEO,2021,export,104950.171,CZE,False
Czechia,CZE,Georgia,GEO,2021,import,28818.057,CZE,False
Denmark,DNK,Georgia,GEO,2021,export,11929.516512,DNK,False
Denmark,DNK,Georgia,GEO,2021,import,2166.378037,DNK,False
Estonia,EST,Georgia,GEO,2021,export,5351.86199,EST,False
Estonia,EST,Georgia,GEO,2021,import,10274.95726,EST,False
Finland,FIN,Georgia,GEO,2021,export,19109.5091683832,FIN,False
Finland,FIN,Georgia,GEO,2021,import,2745.82506614949,FIN,False
France,FRA,Georgia,GEO,2021,export,234376.611111,FRA,False
France,FRA,Georgia,GEO,2021,import,37192.62092,FRA,False
Germany,DEU,Georgia,GEO,2021,export,461498.227681684,DEU,False
Germany,DEU,Georgia,GEO,2021,import,115372.754172407,DEU,False
Greece,GRC,Georgia,GEO,2021,export,55062.560289,GRC,False
Greece,GRC,Georgia,GEO,2021,import,6420.483301,GRC,False
Hungary,HUN,Georgia,GEO,2021,export,72020.492,HUN,False
Hungary,HUN,Georgia,GEO,2021,import,1587.502,HUN,False
Ireland,IRL,Georgia,GEO,2021,export,8283.311116,IRL,False
Ireland,IRL,Georgia,GEO,2021,import,4924.021124,IRL,False
Italy,ITA,Georgia,GEO,2021,export,290758.538322338,ITA,False
Italy,ITA,Georgia,GEO,2021,import,59562.7452400651,ITA,False
Latvia,LVA,Georgia,GEO,2021,export,41954.392545,LVA,False
Latvia,LVA,Georgia,GEO,2021,import,9094.731289,LVA,False
Lithuania,LTU,Georgia,GEO,2021,export,50036.909,LTU,False
Lithuania,LTU,Georgia,GEO,2021,import,47073.587,LTU,False
Luxembourg,LUX,Georgia,GEO,2021,export,1157.92541296694,LUX,False
Luxembourg,LUX,Georgia,GEO,2021,import,6897.89086802115,LUX,False
Malta,MLT,Georgia,GEO,2021,export,988.505965,MLT,False
Malta,MLT,Georgia,GEO,2021,import,10.380912,MLT,False
Netherlands,NLD,Georgia,GEO,2021,export,155964.016692545,NLD,False
Netherlands,NLD,Georgia,GEO,2021,import,71505.404017794,NLD,False
Poland,POL,Georgia,GEO,2021,export,147744.656,POL,False
Poland,POL,Georgia,GEO,2021,import,42344.628,POL,False
Portugal,PRT,Georgia,GEO,2021,export,12246.9908696353,PRT,False
Portugal,PRT,Georgia,GEO,2021,import,879.89847088419,PRT,False
Romania,ROM,Georgia,GEO,2021,export,180736.45688,ROU,False
Romania,ROM,Georgia,GEO,2021,import,155033.62671,ROU,False
Slovakia,SVK,Georgia,GEO,2021,export,22581.13347,SVK,False
Slovakia,SVK,Georgia,GEO,2021,import,2234.143222,SVK,False
Slovenia,SVN,Georgia,GEO,2021,export,23795.9445371,SVN,False
Slovenia,SVN,Georgia,GEO,2021,import,762.8405972,SVN,False
Spain,ESP,Georgia,GEO,2021,export,86101.2814716415,ESP,False
Spain,ESP,Georgia,GEO,2021,import,41445.3335344105,ESP,False
Sweden,SWE,Georgia,GEO,2021,export,16080.210341,SWE,False
Sweden,SWE,Georgia,GEO,2021,import,2472.317911,SWE,False
Austria,AUT,Georgia,GEO,2023,export,107973.764095,AUT,False
Austria,AUT,Georgia,GEO,2023,import,10342.138641,AUT,False
Belgium,BEL,Georgia,GEO,2023,export,98853.275082,BEL,False
Belgium,BEL,Georgia,GEO,2023,import,38179.084797,BEL,False
Bulgaria,BGR,Georgia,GEO,2023,export,311594.5272,BGR,False
Bulgaria,BGR,Georgia,GEO,2023,import,323647.611569,BGR,False
Croatia,HRV,Georgia,GEO,2023,export,16886.65,HRV,False
Croatia,HRV,Georgia,GEO,2023,import,370.656,HRV,False
Cyprus,CYP,Georgia,GEO,2023,export,2036.566202,CYP,False
Cyprus,CYP,Georgia,GEO,2023,import,1160.73862,CYP,False
Czechia,CZE,Georgia,GEO,2023,export,229786.684,CZE,False
Czechia,CZE,Georgia,GEO,2023,import,30666.616,CZE,False
Denmark,DNK,Georgia,GEO,2023,export,32424.713772,DNK,False
Denmark,DNK,Georgia,GEO,2023,import,2637.881677,DNK,False
Estonia,EST,Georgia,GEO,2023,export,12523.46282,EST,False
Estonia,EST,Georgia,GEO,2023,import,8305.89318,EST,False
Finland,FIN,Georgia,GEO,2023,export,31591.801552,FIN,False
Finland,FIN,Georgia,GEO,2023,import,3337.203681,FIN,False
France,FRA,Georgia,GEO,2023,export,307155.381104,FRA,False
France,FRA,Georgia,GEO,2023,import,47115.885453,FRA,False
Germany,DEU,Georgia,GEO,2023,export,914229.620805,DEU,False
Germany,DEU,Georgia,GEO,2023,import,109409.527011,DEU,False
Greece,GRC,Georgia,GEO,2023,export,111921.0271,GRC,False
Greece,GRC,Georgia,GEO,2023,import,5203.935021,GRC,False
Hungary,HUN,Georgia,GEO,2023,export,78263.263,HUN,False
Hungary,HUN,Georgia,GEO,2023,import,1388.031,HUN,False
Ireland,IRL,Georgia,GEO,2023,export,15823.193077,IRL,False
Ireland,IRL,Georgia,GEO,2023,import,10382.761903,IRL,False
Italy,ITA,Georgia,GEO,2023,export,394167.097578,ITA,False
Italy,ITA,Georgia,GEO,2023,import,51228.329541,ITA,False
Latvia,LVA,Georgia,GEO,2023,export,66498.170426,LVA,False
Latvia,LVA,Georgia,GEO,2023,import,9179.181258,LVA,False
Lithuania,LTU,Georgia,GEO,2023,export,143495.981,LTU,False
Lithuania,LTU,Georgia,GEO,2023,import,22244.413,LTU,False
Luxembourg,LUX,Georgia,GEO,2023,export,2609.375833,LUX,False
Luxembourg,LUX,Georgia,GEO,2023,import,2714.158742,LUX,False
Malta,MLT,Georgia,GEO,2023,export,827.657065,MLT,False
Malta,MLT,Georgia,GEO,2023,import,29.388881,MLT,False
Netherlands,NLD,Georgia,GEO,2023,export,217783.75586,NLD,False
Netherlands,NLD,Georgia,GEO,2023,import,55346.998491,NLD,False
Poland,POL,Georgia,GEO,2023,export,272295.896,POL,False
Poland,POL,Georgia,GEO,2023,import,45975.663,POL,False
Portugal,PRT,Georgia,GEO,2023,export,17830.145494,PRT,False
Portugal,PRT,Georgia,GEO,2023,import,4049.3153,PRT,False
Romania,ROM,Georgia,GEO,2023,export,203223.78168,ROU,False
Romania,ROM,Georgia,GEO,2023,import,21154.36393,ROU,False
Slovakia,SVK,Georgia,GEO,2023,export,48513.563547,SVK,False
Slovakia,SVK,Georgia,GEO,2023,import,5195.986615,SVK,False
Slovenia,SVN,Georgia,GEO,2023,export,27521.097581,SVN,False
Slovenia,SVN,Georgia,GEO,2023,import,876.075001,SVN,False
Spain,ESP,Georgia,GEO,2023,export,137441.03102,ESP,False
Spain,ESP,Georgia,GEO,2023,import,55469.683997,ESP,False
Sweden,SWE,Georgia,GEO,2023,export,36807.355912,SWE,False
Sweden,SWE,Georgia,GEO,2023,import,2279.607093,SWE,False
Austria,AUT,Kazakhstan,KAZ,2021,export,200713.579412,AUT,False
Austria,AUT,Kazakhstan,KAZ,2021,import,1622641.157171,AUT,False
Belgium,BEL,Kazakhstan,KAZ,2021,export,357392.494035,BEL,False
Belgium,BEL,Kazakhstan,KAZ,2021,import,177540.270719,BEL,False
Bulgaria,BGR,Kazakhstan,KAZ,2021,export,45966.6502382907,BGR,False
Bulgaria,BGR,Kazakhstan,KAZ,2021,import,2308.11503963851,BGR,False
Croatia,HRV,Kazakhstan,KAZ,2021,export,22050.363,HRV,False
Croatia,HRV,Kazakhstan,KAZ,2021,import,48348.364,HRV,False
Cyprus,CYP,Kazakhstan,KAZ,2021,export,686.250765,CYP,False
Cyprus,CYP,Kazakhstan,KAZ,2021,import,6528.326745,CYP,False
Czechia,CZE,Kazakhstan,KAZ,2021,export,229829.524,CZE,False
Czechia,CZE,Kazakhstan,KAZ,2021,import,781474.453,CZE,False
Denmark,DNK,Kazakhstan,KAZ,2021,export,29042.210239,DNK,False
Denmark,DNK,Kazakhstan,KAZ,2021,import,11576.795331,DNK,False
Estonia,EST,Kazakhstan,KAZ,2021,export,33068.74963,EST,False
Estonia,EST,Kazakhstan,KAZ,2021,import,127821.54099,EST,False
Finland,FIN,Kazakhstan,KAZ,2021,export,120675.034042471,FIN,False
Finland,FIN,Kazakhstan,KAZ,2021,import,9577.10601056997,FIN,False
France,FRA,Kazakhstan,KAZ,2021,export,549742.826815,FRA,False
France,FRA,Kazakhstan,KAZ,2021,import,2408346.455883,FRA,False
Germany,DEU,Kazakhstan,KAZ,2021,export,1731267.68670774,DEU,False
Germany,DEU,Kazakhstan,KAZ,2021,import,4341146.15580982,DEU,False
Greece,GRC,Kazakhstan,KAZ,2021,export,14733.793442,GRC,False
Greece,GRC,Kazakhstan,KAZ,2021,import,2627112.185271,GRC,False
Hungary,HUN,Kazakhstan,KAZ,2021,export,151865.996,HUN,False
Hungary,HUN,Kazakhstan,KAZ,2021,import,269306.275,HUN,False
Ireland,IRL,Kazakhstan,KAZ,2021,export,82891.341018,IRL,False
Ireland,IRL,Kazakhstan,KAZ,2021,import,1503.798715,IRL,False
Italy,ITA,Kazakhstan,KAZ,2021,export,588058.690294295,ITA,False
Italy,ITA,Kazakhstan,KAZ,2021,import,1399760.26265014,ITA,False
Latvia,LVA,Kazakhstan,KAZ,2021,export,56465.363627,LVA,False
Latvia,LVA,Kazakhstan,KAZ,2021,import,8509.86384,LVA,False
Lithuania,LTU,Kazakhstan,KAZ,2021,export,420531.73,LTU,False
Lithuania,LTU,Kazakhstan,KAZ,2021,import,1286466.516,LTU,False
Luxembourg,LUX,Kazakhstan,KAZ,2021,export,6548.36408080007,LUX,False
Luxembourg,LUX,Kazakhstan,KAZ,2021,import,36.3643088506011,LUX,False
Malta,MLT,Kazakhstan,KAZ,2021,export,59.766233,MLT,False
Malta,MLT,Kazakhstan,KAZ,2021,import,82.004117,MLT,False
Netherlands,NLD,Kazakhstan,KAZ,2021,export,474904.604898408,NLD,False
Netherlands,NLD,Kazakhstan,KAZ,2021,import,539009.012609118,NLD,False
Poland,POL,Kazakhstan,KAZ,2021,export,789431.07,POL,False
Poland,POL,Kazakhstan,KAZ,2021,import,957739.241,POL,False
Portugal,PRT,Kazakhstan,KAZ,2021,export,5709.45885682734,PRT,False
Portugal,PRT,Kazakhstan,KAZ,2021,import,32439.0279442925,PRT,False
Romania,ROM,Kazakhstan,KAZ,2021,export,19374.47454,ROU,False
Romania,ROM,Kazakhstan,KAZ,2021,import,59913.96842,ROU,False
Slovakia,SVK,Kazakhstan,KAZ,2021,export,63324.81508,SVK,False
Slovakia,SVK,Kazakhstan,KAZ,2021,import,39718.015126,SVK,False
Slovenia,SVN,Kazakhstan,KAZ,2021,export,60177.1553466,SVN,False
Slovenia,SVN,Kazakhstan,KAZ,2021,import,18950.9698893,SVN,False
Spain,ESP,Kazakhstan,KAZ,2021,export,137140.206003753,ESP,False
Spain,ESP,Kazakhstan,KAZ,2021,import,1863878.25120208,ESP,False
Sweden,SWE,Kazakhstan,KAZ,2021,export,131103.740123,SWE,False
Sweden,SWE,Kazakhstan,KAZ,2021,import,21882.415407,SWE,False
Austria,AUT,Kazakhstan,KAZ,2023,export,320877.363254,AUT,False
Austria,AUT,Kazakhstan,KAZ,2023,import,1886769.819687,AUT,False
Belgium,BEL,Kazakhstan,KAZ,2023,export,461791.293479,BEL,False
Belgium,BEL,Kazakhstan,KAZ,2023,import,112396.055966,BEL,False
Bulgaria,BGR,Kazakhstan,KAZ,2023,export,94700.260103,BGR,False
Bulgaria,BGR,Kazakhstan,KAZ,2023,import,8928.717256,BGR,False
Croatia,HRV,Kazakhstan,KAZ,2023,export,52642.153,HRV,False
Croatia,HRV,Kazakhstan,KAZ,2023,import,48930.462,HRV,False
Cyprus,CYP,Kazakhstan,KAZ,2023,export,3343.515046,CYP,False
Cyprus,CYP,Kazakhstan,KAZ,2023,import,13730.655005,CYP,False
Czechia,CZE,Kazakhstan,KAZ,2023,export,901879.349,CZE,False
Czechia,CZE,Kazakhstan,KAZ,2023,import,687756.215,CZE,False
Denmark,DNK,Kazakhstan,KAZ,2023,export,98426.163564,DNK,False
Denmark,DNK,Kazakhstan,KAZ,2023,import,38295.632835,DNK,False
Estonia,EST,Kazakhstan,KAZ,2023,export,137556.82491,EST,False
Estonia,EST,Kazakhstan,KAZ,2023,import,267409.63173,EST,False
Finland,FIN,Kazakhstan,KAZ,2023,export,296713.965785,FIN,False
Finland,FIN,Kazakhstan,KAZ,2023,import,7492.974202,FIN,False
France,FRA,Kazakhstan,KAZ,2023,export,1165512.05309,FRA,False
France,FRA,Kazakhstan,KAZ,2023,import,3762211.917899,FRA,False
Germany,DEU,Kazakhstan,KAZ,2023,export,3596808.774525,DEU,False
Germany,DEU,Kazakhstan,KAZ,2023,import,6012577.880145,DEU,False
Greece,GRC,Kazakhstan,KAZ,2023,export,27865.735831,GRC,False
Greece,GRC,Kazakhstan,KAZ,2023,import,3664951.44763,GRC,False
Hungary,HUN,Kazakhstan,KAZ,2023,export,211555.903,HUN,False
Hungary,HUN,Kazakhstan,KAZ,2023,import,360516.036,HUN,False
Ireland,IRL,Kazakhstan,KAZ,2023,export,75652.703085,IRL,False
Ireland,IRL,Kazakhstan,KAZ,2023,import,2941.621556,IRL,False
Italy,ITA,Kazakhstan,KAZ,2023,export,1153892.411794,ITA,False
Italy,ITA,Kazakhstan,KAZ,2023,import,5204128.039022,ITA,False
Latvia,LVA,Kazakhstan,KAZ,2023,export,134718.656874,LVA,False
Latvia,LVA,Kazakhstan,KAZ,2023,import,88392.803582,LVA,False
Lithuania,LTU,Kazakhstan,KAZ,2023,export,745142.782,LTU,False
Lithuania,LTU,Kazakhstan,KAZ,2023,import,142572.131,LTU,False
Luxembourg,LUX,Kazakhstan,KAZ,2023,export,18710.668183,LUX,False
Luxembourg,LUX,Kazakhstan,KAZ,2023,import,7464.830985,LUX,False
Malta,MLT,Kazakhstan,KAZ,2023,export,287.29956,MLT,False
Malta,MLT,Kazakhstan,KAZ,2023,import,5681.937927,MLT,False
Netherlands,NLD,Kazakhstan,KAZ,2023,export,816220.662151,NLD,False
Netherlands,NLD,Kazakhstan,KAZ,2023,import,3419203.084736,NLD,False
Poland,POL,Kazakhstan,KAZ,2023,export,1290444.135,POL,False
Poland,POL,Kazakhstan,KAZ,2023,import,1104619.358,POL,False
Portugal,PRT,Kazakhstan,KAZ,2023,export,15595.929876,PRT,False
Portugal,PRT,Kazakhstan,KAZ,2023,import,7345.395091,PRT,False
Romania,ROM,Kazakhstan,KAZ,2023,export,117132.42418,ROU,False
Romania,ROM,Kazakhstan,KAZ,2023,import,2954741.45449,ROU,False
Slovakia,SVK,Kazakhstan,KAZ,2023,export,111467.255423,SVK,False
Slovakia,SVK,Kazakhstan,KAZ,2023,import,84468.985724,SVK,False
Slovenia,SVN,Kazakhstan,KAZ,2023,export,177704.843657,SVN,False
Slovenia,SVN,Kazakhstan,KAZ,2023,import,41869.854148,SVN,False
Spain,ESP,Kazakhstan,KAZ,2023,export,392693.312111,ESP,False
Spain,ESP,Kazakhstan,KAZ,2023,import,2131780.311997,ESP,False
Sweden,SWE,Kazakhstan,KAZ,2023,export,254910.439862,SWE,False
Sweden,SWE,Kazakhstan,KAZ,2023,import,89668.378481,SWE,False
Austria,AUT,Kyrgyzstan,KGZ,2021,export,7517.581385,AUT,False
Austria,AUT,Kyrgyzstan,KGZ,2021,import,1574.954738,AUT,False
Belgium,BEL,Kyrgyzstan,KGZ,2021,export,13511.235612,BEL,False
Belgium,BEL,Kyrgyzstan,KGZ,2021,import,268.967991,BEL,False
Bulgaria,BGR,Kyrgyzstan,KGZ,2021,export,4090.38829999294,BGR,False
Bulgaria,BGR,Kyrgyzstan,KGZ,2021,import,2671.85435851182,BGR,False
Croatia,HRV,Kyrgyzstan,KGZ,2021,export,358.204,HRV,False
Croatia,HRV,Kyrgyzstan,KGZ,2021,import,166.173,HRV,False
Cyprus,CYP,Kyrgyzstan,KGZ,2021,export,9.828572,CYP,False
Cyprus,CYP,Kyrgyzstan,KGZ,2021,import,1.784755,CYP,False
Czechia,CZE,Kyrgyzstan,KGZ,2021,export,8063.08,CZE,False
Czechia,CZE,Kyrgyzstan,KGZ,2021,import,1350.27,CZE,False
Denmark,DNK,Kyrgyzstan,KGZ,2021,export,2456.589289,DNK,False
Denmark,DNK,Kyrgyzstan,KGZ,2021,import,49.287485,DNK,False
Estonia,EST,Kyrgyzstan,KGZ,2021,export,686.88588,EST,False
Estonia,EST,Kyrgyzstan,KGZ,2021,import,848.82626,EST,False
Finland,FIN,Kyrgyzstan,KGZ,2021,export,3743.07503059188,FIN,False
Finland,FIN,Kyrgyzstan,KGZ,2021,import,95.16210260229,FIN,False
France,FRA,Kyrgyzstan,KGZ,2021,export,32525.68851,FRA,False
France,FRA,Kyrgyzstan,KGZ,2021,import,2416.300606,FRA,False
Germany,DEU,Kyrgyzstan,KGZ,2021,export,59334.7640752182,DEU,False
Germany,DEU,Kyrgyzstan,KGZ,2021,import,23413.4274301092,DEU,False
Greece,GRC,Kyrgyzstan,KGZ,2021,export,97.524035,GRC,False
Greece,GRC,Kyrgyzstan,KGZ,2021,import,732.544404,GRC,False
Hungary,HUN,Kyrgyzstan,KGZ,2021,export,12349.05,HUN,False
Hungary,HUN,Kyrgyzstan,KGZ,2021,import,72.94,HUN,False
Ireland,IRL,Kyrgyzstan,KGZ,2021,export,105.347862,IRL,False
Ireland,IRL,Kyrgyzstan,KGZ,2021,import,22.121975,IRL,False
Italy,ITA,Kyrgyzstan,KGZ,2021,export,26646.3656721373,ITA,False
Italy,ITA,Kyrgyzstan,KGZ,2021,import,2714.96145776004,ITA,False
Latvia,LVA,Kyrgyzstan,KGZ,2021,export,7904.866151,LVA,False
Latvia,LVA,Kyrgyzstan,KGZ,2021,import,760.277299,LVA,False
Lithuania,LTU,Kyrgyzstan,KGZ,2021,export,36306.052,LTU,False
Lithuania,LTU,Kyrgyzstan,KGZ,2021,import,50132.66,LTU,False
Luxembourg,LUX,Kyrgyzstan,KGZ,2021,export,839.027862315473,LUX,False
Luxembourg,LUX,Kyrgyzstan,KGZ,2021,import,0.6550962029028,LUX,False
Malta,MLT,Kyrgyzstan,KGZ,2021,export,4233.798716,MLT,False
Malta,MLT,Kyrgyzstan,KGZ,2021,import,6.545285,MLT,False
Netherlands,NLD,Kyrgyzstan,KGZ,2021,export,21795.7607878583,NLD,False
Netherlands,NLD,Kyrgyzstan,KGZ,2021,import,422.60257468548,NLD,False
Poland,POL,Kyrgyzstan,KGZ,2021,export,25408.113,POL,False
Poland,POL,Kyrgyzstan,KGZ,2021,import,579.037,POL,False
Portugal,PRT,Kyrgyzstan,KGZ,2021,export,217.89743005161,PRT,False
Portugal,PRT,Kyrgyzstan,KGZ,2021,import,9.82265827455,PRT,False
Romania,ROM,Kyrgyzstan,KGZ,2021,export,2607.1044,ROU,False
Romania,ROM,Kyrgyzstan,KGZ,2021,import,319.88871,ROU,False
Slovakia,SVK,Kyrgyzstan,KGZ,2021,export,2336.666701,SVK,False
Slovakia,SVK,Kyrgyzstan,KGZ,2021,import,13.583772,SVK,False
Slovenia,SVN,Kyrgyzstan,KGZ,2021,export,14521.8029317,SVN,False
Slovenia,SVN,Kyrgyzstan,KGZ,2021,import,381.4366942,SVN,False
Spain,ESP,Kyrgyzstan,KGZ,2021,export,4947.97230080849,ESP,False
Spain,ESP,Kyrgyzstan,KGZ,2021,import,558.942076865498,ESP,False
Sweden,SWE,Kyrgyzstan,KGZ,2021,export,7290.329641,SWE,False
Sweden,SWE,Kyrgyzstan,KGZ,2021,import,292.774489,SWE,False
Austria,AUT,Kyrgyzstan,KGZ,2023,export,30985.659664,AUT,False
Austria,AUT,Kyrgyzstan,KGZ,2023,import,1610.844796,AUT,False
Belgium,BEL,Kyrgyzstan,KGZ,2023,export,41542.344024,BEL,False
Belgium,BEL,Kyrgyzstan,KGZ,2023,import,393.952956,BEL,False
Bulgaria,BGR,Kyrgyzstan,KGZ,2023,export,21834.817337,BGR,False
Bulgaria,BGR,Kyrgyzstan,KGZ,2023,import,1672.656017,BGR,False
Croatia,HRV,Kyrgyzstan,KGZ,2023,export,2194.399,HRV,False
Croatia,HRV,Kyrgyzstan,KGZ,2023,import,248.847,HRV,False
Cyprus,CYP,Kyrgyzstan,KGZ,2023,export,88.92245,CYP,False
Cyprus,CYP,Kyrgyzstan,KGZ,2023,import,1.190477,CYP,False
Czechia,CZE,Kyrgyzstan,KGZ,2023,export,94607.295,CZE,False
Czechia,CZE,Kyrgyzstan,KGZ,2023,import,1781.108,CZE,False
Denmark,DNK,Kyrgyzstan,KGZ,2023,export,10620.082205,DNK,False
Denmark,DNK,Kyrgyzstan,KGZ,2023,import,68.439236,DNK,False
Estonia,EST,Kyrgyzstan,KGZ,2023,export,80543.27379,EST,False
Estonia,EST,Kyrgyzstan,KGZ,2023,import,5146.25297,EST,False
Finland,FIN,Kyrgyzstan,KGZ,2023,export,121732.354756,FIN,False
Finland,FIN,Kyrgyzstan,KGZ,2023,import,193.546002,FIN,False
France,FRA,Kyrgyzstan,KGZ,2023,export,195936.757994,FRA,False
France,FRA,Kyrgyzstan,KGZ,2023,import,445.956267,FRA,False
Germany,DEU,Kyrgyzstan,KGZ,2023,export,783184.358603,DEU,False
Germany,DEU,Kyrgyzstan,KGZ,2023,import,21608.606215,DEU,False
Greece,GRC,Kyrgyzstan,KGZ,2023,export,5786.40902,GRC,False
Greece,GRC,Kyrgyzstan,KGZ,2023,import,361.049649,GRC,False
Hungary,HUN,Kyrgyzstan,KGZ,2023,export,27502.171,HUN,False
Hungary,HUN,Kyrgyzstan,KGZ,2023,import,125.808,HUN,False
Ireland,IRL,Kyrgyzstan,KGZ,2023,export,5424.912807,IRL,False
Ireland,IRL,Kyrgyzstan,KGZ,2023,import,87.910383,IRL,False
Italy,ITA,Kyrgyzstan,KGZ,2023,export,231076.45923,ITA,False
Italy,ITA,Kyrgyzstan,KGZ,2023,import,29638.462758,ITA,False
Latvia,LVA,Kyrgyzstan,KGZ,2023,export,62901.78882,LVA,False
Latvia,LVA,Kyrgyzstan,KGZ,2023,import,2226.159086,LVA,False
Lithuania,LTU,Kyrgyzstan,KGZ,2023,export,418036.75,LTU,False
Lithuania,LTU,Kyrgyzstan,KGZ,2023,import,3182.379,LTU,False
Luxembourg,LUX,Kyrgyzstan,KGZ,2023,export,3140.922621,LUX,False
Luxembourg,LUX,Kyrgyzstan,KGZ,2023,import,8.373777,LUX,False
Malta,MLT,Kyrgyzstan,KGZ,2023,export,2185.988875,MLT,False
Malta,MLT,Kyrgyzstan,KGZ,2023,import,3.007008,MLT,False
Netherlands,NLD,Kyrgyzstan,KGZ,2023,export,94180.918844,NLD,False
Netherlands,NLD,Kyrgyzstan,KGZ,2023,import,3497.005451,NLD,False
Poland,POL,Kyrgyzstan,KGZ,2023,export,503157.583,POL,False
Poland,POL,Kyrgyzstan,KGZ,2023,import,10469.115,POL,False
Portugal,PRT,Kyrgyzstan,KGZ,2023,export,1550.868988,PRT,False
Portugal,PRT,Kyrgyzstan,KGZ,2023,import,20.127815,PRT,False
Romania,ROM,Kyrgyzstan,KGZ,2023,export,11157.44241,ROU,False
Romania,ROM,Kyrgyzstan,KGZ,2023,import,20805.94748,ROU,False
Slovakia,SVK,Kyrgyzstan,KGZ,2023,export,14486.977536,SVK,False
Slovakia,SVK,Kyrgyzstan,KGZ,2023,import,14339.580079,SVK,False
Slovenia,SVN,Kyrgyzstan,KGZ,2023,export,25795.568375,SVN,False
Slovenia,SVN,Kyrgyzstan,KGZ,2023,import,724.905524,SVN,False
Spain,ESP,Kyrgyzstan,KGZ,2023,export,23514.997938,ESP,False
Spain,ESP,Kyrgyzstan,KGZ,2023,import,715.021594,ESP,False
Sweden,SWE,Kyrgyzstan,KGZ,2023,export,14193.845813,SWE,False
Sweden,SWE,Kyrgyzstan,KGZ,2023,import,242.314873,SWE,False
Austria,AUT,Moldova,MDA,2021,export,95425.777996,AUT,False
Austria,AUT,Moldova,MDA,2021,import,44478.784971,AUT,False
Belgium,BEL,Moldova,MDA,2021,export,57292.08471,BEL,False
Belgium,BEL,Moldova,MDA,2021,import,12597.148211,BEL,False
Bulgaria,BGR,Moldova,MDA,2021,export,80233.2930723608,BGR,False
Bulgaria,BGR,Moldova,MDA,2021,import,71332.3689406373,BGR,False
Croatia,HRV,Moldova,MDA,2021,export,2786.587,HRV,False
Croatia,HRV,Moldova,MDA,2021,import,3745.484,HRV,False
Cyprus,CYP,Moldova,MDA,2021,export,850.029547,CYP,False
Cyprus,CYP,Moldova,MDA,2021,import,17233.159083,CYP,False
Czechia,CZE,Moldova,MDA,2021,export,134538.238,CZE,False
Czechia,CZE,Moldova,MDA,2021,import,132801.899,CZE,False
Denmark,DNK,Moldova,MDA,2021,export,20474.677399,DNK,False
Denmark,DNK,Moldova,MDA,2021,import,1536.212194,DNK,False
Estonia,EST,Moldova,MDA,2021,export,8690.0523,EST,False
Estonia,EST,Moldova,MDA,2021,import,3892.07802,EST,False
Finland,FIN,Moldova,MDA,2021,export,10473.1524349066,FIN,False
Finland,FIN,Moldova,MDA,2021,import,4297.92098207877,FIN,False
France,FRA,Moldova,MDA,2021,export,90930.189174,FRA,False
France,FRA,Moldova,MDA,2021,import,35361.339154,FRA,False
Germany,DEU,Moldova,MDA,2021,export,545168.844486195,DEU,False
Germany,DEU,Moldova,MDA,2021,import,314404.985653295,DEU,False
Greece,GRC,Moldova,MDA,2021,export,17078.56428,GRC,False
Greece,GRC,Moldova,MDA,2021,import,51314.146369,GRC,False
Hungary,HUN,Moldova,MDA,2021,export,106924.217,HUN,False
Hungary,HUN,Moldova,MDA,2021,import,53843.275,HUN,False
Ireland,IRL,Moldova,MDA,2021,export,1738.101936,IRL,False
Ireland,IRL,Moldova,MDA,2021,import,6333.67371,IRL,False
Italy,ITA,Moldova,MDA,2021,export,346117.08647071,ITA,False
Italy,ITA,Moldova,MDA,2021,import,270813.265820479,ITA,False
Latvia,LVA,Moldova,MDA,2021,export,25728.500055,LVA,False
Latvia,LVA,Moldova,MDA,2021,import,8755.469327,LVA,False
Lithuania,LTU,Moldova,MDA,2021,export,33670.522,LTU,False
Lithuania,LTU,Moldova,MDA,2021,import,8471.038,LTU,False
Luxembourg,LUX,Moldova,MDA,2021,export,1238.78102964245,LUX,False
Luxembourg,LUX,Moldova,MDA,2021,import,489.744151882901,LUX,False
Malta,MLT,Moldova,MDA,2021,export,1.846258,MLT,False
Malta,MLT,Moldova,MDA,2021,import,93.839799,MLT,False
Netherlands,NLD,Moldova,MDA,2021,export,126350.021932963,NLD,False
Netherlands,NLD,Moldova,MDA,2021,import,31634.8768938219,NLD,False
Poland,POL,Moldova,MDA,2021,export,297151.049,POL,False
Poland,POL,Moldova,MDA,2021,import,245944.223,POL,False
Portugal,PRT,Moldova,MDA,2021,export,19209.4850240472,PRT,False
Portugal,PRT,Moldova,MDA,2021,import,12271.6841218275,PRT,False
Romania,ROM,Moldova,MDA,2021,export,1545562.51335,ROU,False
Romania,ROM,Moldova,MDA,2021,import,878182.14677,ROU,False
Slovakia,SVK,Moldova,MDA,2021,export,48746.761333,SVK,False
Slovakia,SVK,Moldova,MDA,2021,import,34657.15568,SVK,False
Slovenia,SVN,Moldova,MDA,2021,export,32241.3201502,SVN,False
Slovenia,SVN,Moldova,MDA,2021,import,2525.6294133,SVN,False
Spain,ESP,Moldova,MDA,2021,export,63338.8600620798,ESP,False
Spain,ESP,Moldova,MDA,2021,import,67546.3009136927,ESP,False
Sweden,SWE,Moldova,MDA,2021,export,16950.721826,SWE,False
Sweden,SWE,Moldova,MDA,2021,import,3637.23624,SWE,False
Austria,AUT,Moldova,MDA,2023,export,87182.62828,AUT,False
Austria,AUT,Moldova,MDA,2023,import,66202.630518,AUT,False
Belgium,BEL,Moldova,MDA,2023,export,57074.496558,BEL,False
Belgium,BEL,Moldova,MDA,2023,import,14581.492372,BEL,False
Bulgaria,BGR,Moldova,MDA,2023,export,156646.140209,BGR,False
Bulgaria,BGR,Moldova,MDA,2023,import,108507.514428,BGR,False
Croatia,HRV,Moldova,MDA,2023,export,4584.381,HRV,False
Croatia,HRV,Moldova,MDA,2023,import,11667.844,HRV,False
Cyprus,CYP,Moldova,MDA,2023,export,546.067685,CYP,False
Cyprus,CYP,Moldova,MDA,2023,import,25862.644624,CYP,False
Czechia,CZE,Moldova,MDA,2023,export,207595.781,CZE,False
Czechia,CZE,Moldova,MDA,2023,import,222799.274,CZE,False
Denmark,DNK,Moldova,MDA,2023,export,24164.489209,DNK,False
Denmark,DNK,Moldova,MDA,2023,import,1772.468741,DNK,False
Estonia,EST,Moldova,MDA,2023,export,9498.77538,EST,False
Estonia,EST,Moldova,MDA,2023,import,5687.58735,EST,False
Finland,FIN,Moldova,MDA,2023,export,12735.898687,FIN,False
Finland,FIN,Moldova,MDA,2023,import,4451.616428,FIN,False
France,FRA,Moldova,MDA,2023,export,142225.691893,FRA,False
France,FRA,Moldova,MDA,2023,import,47635.060906,FRA,False
Germany,DEU,Moldova,MDA,2023,export,628979.758828,DEU,False
Germany,DEU,Moldova,MDA,2023,import,356691.433788,DEU,False
Greece,GRC,Moldova,MDA,2023,export,141339.723092,GRC,False
Greece,GRC,Moldova,MDA,2023,import,48015.493376,GRC,False
Hungary,HUN,Moldova,MDA,2023,export,143653.277,HUN,False
Hungary,HUN,Moldova,MDA,2023,import,46024.208,HUN,False
Ireland,IRL,Moldova,MDA,2023,export,2054.933712,IRL,False
Ireland,IRL,Moldova,MDA,2023,import,2905.023857,IRL,False
Italy,ITA,Moldova,MDA,2023,export,417511.102118,ITA,False
Italy,ITA,Moldova,MDA,2023,import,297758.794572,ITA,False
Latvia,LVA,Moldova,MDA,2023,export,36738.082249,LVA,False
Latvia,LVA,Moldova,MDA,2023,import,11855.273516,LVA,False
Lithuania,LTU,Moldova,MDA,2023,export,38945.736,LTU,False
Lithuania,LTU,Moldova,MDA,2023,import,12837.229,LTU,False
Luxembourg,LUX,Moldova,MDA,2023,export,591.738579,LUX,False
Luxembourg,LUX,Moldova,MDA,2023,import,518.623995,LUX,False
Malta,MLT,Moldova,MDA,2023,export,16.640724,MLT,False
Malta,MLT,Moldova,MDA,2023,import,38.818625,MLT,False
Netherlands,NLD,Moldova,MDA,2023,export,145056.412052,NLD,False
Netherlands,NLD,Moldova,MDA,2023,import,43756.236799,NLD,False
Poland,POL,Moldova,MDA,2023,export,392918.441,POL,False
Poland,POL,Moldova,MDA,2023,import,179622.444,POL,False
Portugal,PRT,Moldova,MDA,2023,export,18576.838246,PRT,False
Portugal,PRT,Moldova,MDA,2023,import,11307.401194,PRT,False
Romania,ROM,Moldova,MDA,2023,export,2244971.20876,ROU,False
Romania,ROM,Moldova,MDA,2023,import,1174072.93327,ROU,False
Slovakia,SVK,Moldova,MDA,2023,export,90090.545612,SVK,False
Slovakia,SVK,Moldova,MDA,2023,import,38970.87708,SVK,False
Slovenia,SVN,Moldova,MDA,2023,export,36911.735582,SVN,False
Slovenia,SVN,Moldova,MDA,2023,import,3110.2724,SVN,False
Spain,ESP,Moldova,MDA,2023,export,76018.842492,ESP,False
Spain,ESP,Moldova,MDA,2023,import,93019.194421,ESP,False
Sweden,SWE,Moldova,MDA,2023,export,32294.983612,SWE,False
Sweden,SWE,Moldova,MDA,2023,import,1624.857415,SWE,False
Austria,AUT,Russia,RUS,2021,export,2361218.95947,AUT,True
Austria,AUT,Russia,RUS,2021,import,1260409.998026,AUT,True
Belgium,BEL,Russia,RUS,2021,export,3775028.628879,BEL,True
Belgium,BEL,Russia,RUS,2021,import,7487574.875153,BEL,True
Bulgaria,BGR,Russia,RUS,2021,export,516293.866302063,BGR,True
Bulgaria,BGR,Russia,RUS,2021,import,3523948.66421999,BGR,True
Croatia,HRV,Russia,RUS,2021,export,242073.951,HRV,True
Croatia,HRV,Russia,RUS,2021,import,550753.723,HRV,True
Cyprus,CYP,Russia,RUS,2021,export,90614.279237,CYP,True
Cyprus,CYP,Russia,RUS,2021,import,102089.844298,CYP,True
Czechia,CZE,Russia,RUS,2021,export,4320792.748,CZE,True
Czechia,CZE,Russia,RUS,2021,import,6998958.346,CZE,True
Denmark,DNK,Russia,RUS,2021,export,974051.742743,DNK,True
Denmark,DNK,Russia,RUS,2021,import,2050979.504277,DNK,True
Estonia,EST,Russia,RUS,2021,export,1425925.92674,EST,True
Estonia,EST,Russia,RUS,2021,import,2773259.06339,EST,True
Finland,FIN,Russia,RUS,2021,export,4361438.95639253,FIN,True
Finland,FIN,Russia,RUS,2021,import,10051971.1864547,FIN,True
France,FRA,Russia,RUS,2021,export,7583047.474455,FRA,True
France,FRA,Russia,RUS,2021,import,11523607.398565,FRA,True
Germany,DEU,Russia,RUS,2021,export,32147438.3614448,DEU,True
Germany,DEU,Russia,RUS,2021,import,27369770.4983146,DEU,True
Greece,GRC,Russia,RUS,2021,export,244364.4438,GRC,True
Greece,GRC,Russia,RUS,2021,import,5088641.84838,GRC,True
Hungary,HUN,Russia,RUS,2021,export,2067579.664,HUN,True
Hungary,HUN,Russia,RUS,2021,import,4269442.695,HUN,True
Ireland,IRL,Russia,RUS,2021,export,741554.38828,IRL,True
Ireland,IRL,Russia,RUS,2021,import,709863.490891,IRL,True
Italy,ITA,Russia,RUS,2021,export,9072295.85123268,ITA,True
Italy,ITA,Russia,RUS,2021,import,22052574.2534971,ITA,True
Latvia,LVA,Russia,RUS,2021,export,1415920.834759,LVA,True
Latvia,LVA,Russia,RUS,2021,import,2095726.178787,LVA,True
Lithuania,LTU,Russia,RUS,2021,export,4415952.16996,LTU,True
Lithuania,LTU,Russia,RUS,2021,import,5308502.33699,LTU,True
Luxembourg,LUX,Russia,RUS,2021,export,169990.729893403,LUX,True
Luxembourg,LUX,Russia,RUS,2021,import,43835.9404669671,LUX,True
Malta,MLT,Russia,RUS,2021,export,10011.51943,MLT,True
Malta,MLT,Russia,RUS,2021,import,6953.118572,MLT,True
Netherlands,NLD,Russia,RUS,2021,export,7826001.09948693,NLD,True
Netherlands,NLD,Russia,RUS,2021,import,21904161.6185421,NLD,True
Poland,POL,Russia,RUS,2021,export,8789388.182,POL,True
Poland,POL,Russia,RUS,2021,import,20114278.862,POL,True
Portugal,PRT,Russia,RUS,2021,export,210510.306105621,PRT,True
Portugal,PRT,Russia,RUS,2021,import,1263018.0208362,PRT,True
Romania,ROM,Russia,RUS,2021,export,1210182.20506,ROU,True
Romania,ROM,Russia,RUS,2021,import,5623563.47637,ROU,True
Slovakia,SVK,Russia,RUS,2021,export,1582581.516967,SVK,True
Slovakia,SVK,Russia,RUS,2021,import,6587112.162532,SVK,True
Slovenia,SVN,Russia,RUS,2021,export,1010917.9454675,SVN,True
Slovenia,SVN,Russia,RUS,2021,import,471601.8396341,SVN,True
Spain,ESP,Russia,RUS,2021,export,2617715.1832412,ESP,True
Spain,ESP,Russia,RUS,2021,import,7136221.3190533,ESP,True
Sweden,SWE,Russia,RUS,2021,export,2492746.014974,SWE,True
Sweden,SWE,Russia,RUS,2021,import,2503973.234554,SWE,True
Austria,AUT,Russia,RUS,2023,export,1401824.525337,AUT,True
Austria,AUT,Russia,RUS,2023,import,387023.924588,AUT,True
Belgium,BEL,Russia,RUS,2023,export,2085501.422504,BEL,True
Belgium,BEL,Russia,RUS,2023,import,3726232.369181,BEL,True
Bulgaria,BGR,Russia,RUS,2023,export,540233.134449,BGR,True
Bulgaria,BGR,Russia,RUS,2023,import,3507514.3016,BGR,True
Croatia,HRV,Russia,RUS,2023,export,241341.837,HRV,True
Croatia,HRV,Russia,RUS,2023,import,63271.094,HRV,True
Cyprus,CYP,Russia,RUS,2023,export,23039.357106,CYP,True
Cyprus,CYP,Russia,RUS,2023,import,18326.641338,CYP,True
Czechia,CZE,Russia,RUS,2023,export,731314.948,CZE,True
Czechia,CZE,Russia,RUS,2023,import,3468450.558,CZE,True
Denmark,DNK,Russia,RUS,2023,export,102690.631059,DNK,True
Denmark,DNK,Russia,RUS,2023,import,346975.500996,DNK,True
Estonia,EST,Russia,RUS,2023,export,1183088.81159,EST,True
Estonia,EST,Russia,RUS,2023,import,194367.7147,EST,True
Finland,FIN,Russia,RUS,2023,export,712692.548044,FIN,True
Finland,FIN,Russia,RUS,2023,import,1342753.053834,FIN,True
France,FRA,Russia,RUS,2023,export,2179521.207379,FRA,True
France,FRA,Russia,RUS,2023,import,3646111.711894,FRA,True
Germany,DEU,Russia,RUS,2023,export,9968465.530975,DEU,True
Germany,DEU,Russia,RUS,2023,import,4241584.655717,DEU,True
Greece,GRC,Russia,RUS,2023,export,104134.342497,GRC,True
Greece,GRC,Russia,RUS,2023,import,2644653.507458,GRC,True
Hungary,HUN,Russia,RUS,2023,export,1173037.088,HUN,True
Hungary,HUN,Russia,RUS,2023,import,6200594.281,HUN,True
Ireland,IRL,Russia,RUS,2023,export,509656.863652,IRL,True
Ireland,IRL,Russia,RUS,2023,import,79211.859856,IRL,True
Italy,ITA,Russia,RUS,2023,export,5038715.019493,ITA,True
Italy,ITA,Russia,RUS,2023,import,4391769.866254,ITA,True
Latvia,LVA,Russia,RUS,2023,export,1222800.651042,LVA,True
Latvia,LVA,Russia,RUS,2023,import,655964.192127,LVA,True
Lithuania,LTU,Russia,RUS,2023,export,2316467.042,LTU,True
Lithuania,LTU,Russia,RUS,2023,import,356724.162,LTU,True
Luxembourg,LUX,Russia,RUS,2023,export,3629.867825,LUX,True
Luxembourg,LUX,Russia,RUS,2023,import,24532.715211,LUX,True
Malta,MLT,Russia,RUS,2023,export,213.094257,MLT,True
Malta,MLT,Russia,RUS,2023,import,1103.703863,MLT,True
Netherlands,NLD,Russia,RUS,2023,export,2604368.58625,NLD,True
Netherlands,NLD,Russia,RUS,2023,import,5716672.459718,NLD,True
Poland,POL,Russia,RUS,2023,export,3950051.176,POL,True
Poland,POL,Russia,RUS,2023,import,2665876.649,POL,True
Portugal,PRT,Russia,RUS,2023,export,78518.487704,PRT,True
Portugal,PRT,Russia,RUS,2023,import,361368.058531,PRT,True
Romania,ROM,Russia,RUS,2023,export,255472.84505,ROU,True
Romania,ROM,Russia,RUS,2023,import,349938.25171,ROU,True
Slovakia,SVK,Russia,RUS,2023,export,377742.02173,SVK,True
Slovakia,SVK,Russia,RUS,2023,import,4946488.686146,SVK,True
Slovenia,SVN,Russia,RUS,2023,export,1194214.27186,SVN,True
Slovenia,SVN,Russia,RUS,2023,import,258125.424282,SVN,True
Spain,ESP,Russia,RUS,2023,export,920274.666011,ESP,True
Spain,ESP,Russia,RUS,2023,import,3380075.163791,ESP,True
Sweden,SWE,Russia,RUS,2023,export,891270.766485,SWE,True
Sweden,SWE,Russia,RUS,2023,import,47344.14155,SWE,True
Austria,AUT,Tajikistan,TJK,2021,export,12803.483196,AUT,False
Austria,AUT,Tajikistan,TJK,2021,import,51.587584,AUT,False
Belgium,BEL,Tajikistan,TJK,2021,export,7059.086344,BEL,False
Belgium,BEL,Tajikistan,TJK,2021,import,38686.084851,BEL,False
Bulgaria,BGR,Tajikistan,TJK,2021,export,1361.99360270027,BGR,False
Bulgaria,BGR,Tajikistan,TJK,2021,import,1.50685550764,BGR,False
Croatia,HRV,Tajikistan,TJK,2021,export,146.351,HRV,False
Croatia,HRV,Tajikistan,TJK,2021,import,5335.988,HRV,False
Czechia,CZE,Tajikistan,TJK,2021,export,5916.937,CZE,False
Czechia,CZE,Tajikistan,TJK,2021,import,2023.247,CZE,False
Denmark,DNK,Tajikistan,TJK,2021,export,2572.779975,DNK,False
Denmark,DNK,Tajikistan,TJK,2021,import,158.617153,DNK,False
Estonia,EST,Tajikistan,TJK,2021,export,2552.59328,EST,False
Estonia,EST,Tajikistan,TJK,2021,import,18.72902,EST,False
Finland,FIN,Tajikistan,TJK,2021,export,926.7125150943,FIN,False
Finland,FIN,Tajikistan,TJK,2021,import,3.30221094552,FIN,False
France,FRA,Tajikistan,TJK,2021,export,10515.984192,FRA,False
France,FRA,Tajikistan,TJK,2021,import,60326.256151,FRA,False
Germany,DEU,Tajikistan,TJK,2021,export,38702.060808543,DEU,False
Germany,DEU,Tajikistan,TJK,2021,import,3399.1645371403,DEU,False
Greece,GRC,Tajikistan,TJK,2021,export,135.4214,GRC,False
Greece,GRC,Tajikistan,TJK,2021,import,732.474622,GRC,False
Ireland,IRL,Tajikistan,TJK,2021,export,83.118258,IRL,False
Ireland,IRL,Tajikistan,TJK,2021,import,37.160518,IRL,False
Italy,ITA,Tajikistan,TJK,2021,export,20340.245080163,ITA,False
Italy,ITA,Tajikistan,TJK,2021,import,78520.5277505203,ITA,False
Latvia,LVA,Tajikistan,TJK,2021,export,8643.258023,LVA,False
Latvia,LVA,Tajikistan,TJK,2021,import,1.07038,LVA,False
Lithuania,LTU,Tajikistan,TJK,2021,export,39687.16,LTU,False
Lithuania,LTU,Tajikistan,TJK,2021,import,1306.243,LTU,False
Luxembourg,LUX,Tajikistan,TJK,2021,export,35.4811684885272,LUX,False
Luxembourg,LUX,Tajikistan,TJK,2021,import,15.7165134421482,LUX,False
Netherlands,NLD,Tajikistan,TJK,2021,export,12266.4847954247,NLD,False
Netherlands,NLD,Tajikistan,TJK,2021,import,52.22626386867,NLD,False
Poland,POL,Tajikistan,TJK,2021,export,32446.777,POL,False
Poland,POL,Tajikistan,TJK,2021,import,1811.108,POL,False
Portugal,PRT,Tajikistan,TJK,2021,export,2494.90197842175,PRT,False
Portugal,PRT,Tajikistan,TJK,2021,import,62.48890153854,PRT,False
Romania,ROM,Tajikistan,TJK,2021,export,430.32697,ROU,False
Romania,ROM,Tajikistan,TJK,2021,import,0.054,ROU,False
Slovakia,SVK,Tajikistan,TJK,2021,export,604.305786,SVK,False
Slovakia,SVK,Tajikistan,TJK,2021,import,92.204069,SVK,False
Slovenia,SVN,Tajikistan,TJK,2021,export,5913.8715503,SVN,False
Slovenia,SVN,Tajikistan,TJK,2021,import,92.5322749,SVN,False
Spain,ESP,Tajikistan,TJK,2021,export,3776.33578155943,ESP,False
Spain,ESP,Tajikistan,TJK,2021,import,334.655353557833,ESP,False
Sweden,SWE,Tajikistan,TJK,2021,export,63119.544843,SWE,False
Sweden,SWE,Tajikistan,TJK,2021,import,4.547274,SWE,False
Austria,AUT,Tajikistan,TJK,2023,export,22590.239209,AUT,False
Austria,AUT,Tajikistan,TJK,2023,import,58.312817,AUT,False
Belgium,BEL,Tajikistan,TJK,2023,export,17943.20639,BEL,False
Belgium,BEL,Tajikistan,TJK,2023,import,34074.710856,BEL,False
Bulgaria,BGR,Tajikistan,TJK,2023,export,1318.422848,BGR,False
Bulgaria,BGR,Tajikistan,TJK,2023,import,7006.962123,BGR,False
Croatia,HRV,Tajikistan,TJK,2023,export,154.416,HRV,False
Croatia,HRV,Tajikistan,TJK,2023,import,5366.673,HRV,False
Cyprus,CYP,Tajikistan,TJK,2023,export,506.800334,CYP,False
Cyprus,CYP,Tajikistan,TJK,2023,import,2.885906,CYP,False
Czechia,CZE,Tajikistan,TJK,2023,export,13027.48,CZE,False
Czechia,CZE,Tajikistan,TJK,2023,import,651.52,CZE,False
Denmark,DNK,Tajikistan,TJK,2023,export,2580.005742,DNK,False
Denmark,DNK,Tajikistan,TJK,2023,import,4.373483,DNK,False
Estonia,EST,Tajikistan,TJK,2023,export,1328.37366,EST,False
Estonia,EST,Tajikistan,TJK,2023,import,34.9229,EST,False
Finland,FIN,Tajikistan,TJK,2023,export,2312.543798,FIN,False
Finland,FIN,Tajikistan,TJK,2023,import,0.544959,FIN,False
France,FRA,Tajikistan,TJK,2023,export,18066.105339,FRA,False
France,FRA,Tajikistan,TJK,2023,import,62164.050053,FRA,False
Germany,DEU,Tajikistan,TJK,2023,export,87508.460585,DEU,False
Germany,DEU,Tajikistan,TJK,2023,import,4241.371415,DEU,False
Greece,GRC,Tajikistan,TJK,2023,export,635.748104,GRC,False
Greece,GRC,Tajikistan,TJK,2023,import,128.748817,GRC,False
Hungary,HUN,Tajikistan,TJK,2023,export,2234.119,HUN,False
Hungary,HUN,Tajikistan,TJK,2023,import,2.24,HUN,False
Ireland,IRL,Tajikistan,TJK,2023,export,736.961335,IRL,False
Ireland,IRL,Tajikistan,TJK,2023,import,48.290538,IRL,False
Italy,ITA,Tajikistan,TJK,2023,export,37911.001359,ITA,False
Italy,ITA,Tajikistan,TJK,2023,import,63556.530489,ITA,False
Latvia,LVA,Tajikistan,TJK,2023,export,8805.094753,LVA,False
Latvia,LVA,Tajikistan,TJK,2023,import,408.125922,LVA,False
Lithuania,LTU,Tajikistan,TJK,2023,export,69532.256,LTU,False
Lithuania,LTU,Tajikistan,TJK,2023,import,262.158,LTU,False
Luxembourg,LUX,Tajikistan,TJK,2023,export,274.712782,LUX,False
Luxembourg,LUX,Tajikistan,TJK,2023,import,15.099624,LUX,False
Netherlands,NLD,Tajikistan,TJK,2023,export,15180.505391,NLD,False
Netherlands,NLD,Tajikistan,TJK,2023,import,6.582763,NLD,False
Poland,POL,Tajikistan,TJK,2023,export,32936.519,POL,False
Poland,POL,Tajikistan,TJK,2023,import,2566.194,POL,False
Portugal,PRT,Tajikistan,TJK,2023,export,8.623117,PRT,False
Portugal,PRT,Tajikistan,TJK,2023,import,304.298184,PRT,False
Romania,ROM,Tajikistan,TJK,2023,export,2853.54891,ROU,False
Romania,ROM,Tajikistan,TJK,2023,import,243.84427,ROU,False
Slovakia,SVK,Tajikistan,TJK,2023,export,1737.516496,SVK,False
Slovakia,SVK,Tajikistan,TJK,2023,import,22.855856,SVK,False
Slovenia,SVN,Tajikistan,TJK,2023,export,7150.838838,SVN,False
Slovenia,SVN,Tajikistan,TJK,2023,import,31.061852,SVN,False
Spain,ESP,Tajikistan,TJK,2023,export,2696.480195,ESP,False
Spain,ESP,Tajikistan,TJK,2023,import,4515.717135,ESP,False
Sweden,SWE,Tajikistan,TJK,2023,export,1233.817194,SWE,False
Sweden,SWE,Tajikistan,TJK,2023,import,162.202994,SWE,False
Austria,AUT,Turkmenistan,TKM,2021,export,28600.535339,AUT,False
Austria,AUT,Turkmenistan,TKM,2021,import,167.884073,AUT,False
Belgium,BEL,Turkmenistan,TKM,2021,export,17239.298924,BEL,False
Belgium,BEL,Turkmenistan,TKM,2021,import,1009.748927,BEL,False
Bulgaria,BGR,Turkmenistan,TKM,2021,export,1448.46485671895,BGR,False
Bulgaria,BGR,Turkmenistan,TKM,2021,import,36024.8330120977,BGR,False
Croatia,HRV,Turkmenistan,TKM,2021,export,112.137,HRV,False
Croatia,HRV,Turkmenistan,TKM,2021,import,0.471,HRV,False
Cyprus,CYP,Turkmenistan,TKM,2021,import,93393.256514,CYP,False
Czechia,CZE,Turkmenistan,TKM,2021,export,14375.956,CZE,False
Czechia,CZE,Turkmenistan,TKM,2021,import,47.088,CZE,False
Denmark,DNK,Turkmenistan,TKM,2021,export,8394.402826,DNK,False
Denmark,DNK,Turkmenistan,TKM,2021,import,0.528223,DNK,False
Estonia,EST,Turkmenistan,TKM,2021,export,5397.77573,EST,False
Estonia,EST,Turkmenistan,TKM,2021,import,36.52856,EST,False
Finland,FIN,Turkmenistan,TKM,2021,export,1367.5434834375,FIN,False
Finland,FIN,Turkmenistan,TKM,2021,import,0.0354822093,FIN,False
France,FRA,Turkmenistan,TKM,2021,export,36563.316735,FRA,False
France,FRA,Turkmenistan,TKM,2021,import,7439.825671,FRA,False
Germany,DEU,Turkmenistan,TKM,2021,export,217219.947231654,DEU,False
Germany,DEU,Turkmenistan,TKM,2021,import,923.82168512965,DEU,False
Greece,GRC,Turkmenistan,TKM,2021,export,899.248102,GRC,False
Greece,GRC,Turkmenistan,TKM,2021,import,46594.534705,GRC,False
Hungary,HUN,Turkmenistan,TKM,2021,export,9181.364,HUN,False
Hungary,HUN,Turkmenistan,TKM,2021,import,962.956,HUN,False
Ireland,IRL,Turkmenistan,TKM,2021,export,1466.305848,IRL,False
Ireland,IRL,Turkmenistan,TKM,2021,import,86.985819,IRL,False
Italy,ITA,Turkmenistan,TKM,2021,export,486408.40197041,ITA,False
Italy,ITA,Turkmenistan,TKM,2021,import,71398.5233242002,ITA,False
Latvia,LVA,Turkmenistan,TKM,2021,export,3198.79095,LVA,False
Latvia,LVA,Turkmenistan,TKM,2021,import,44.495873,LVA,False
Lithuania,LTU,Turkmenistan,TKM,2021,export,21134.021,LTU,False
Lithuania,LTU,Turkmenistan,TKM,2021,import,858.054,LTU,False
Luxembourg,LUX,Turkmenistan,TKM,2021,export,554.028737069695,LUX,False
Luxembourg,LUX,Turkmenistan,TKM,2021,import,0.06386797674,LUX,False
Malta,MLT,Turkmenistan,TKM,2021,export,20647.350698,MLT,False
Malta,MLT,Turkmenistan,TKM,2021,import,1.254887,MLT,False
Netherlands,NLD,Turkmenistan,TKM,2021,export,60102.2534152119,NLD,False
Netherlands,NLD,Turkmenistan,TKM,2021,import,473.93232139917,NLD,False
Poland,POL,Turkmenistan,TKM,2021,export,34758.856,POL,False
Poland,POL,Turkmenistan,TKM,2021,import,4687.876,POL,False
Portugal,PRT,Turkmenistan,TKM,2021,export,5463.5387606109,PRT,False
Portugal,PRT,Turkmenistan,TKM,2021,import,3462.72299847072,PRT,False
Romania,ROM,Turkmenistan,TKM,2021,export,1562.21882,ROU,False
Romania,ROM,Turkmenistan,TKM,2021,import,17122.67858,ROU,False
Slovakia,SVK,Turkmenistan,TKM,2021,export,292.890262,SVK,False
Slovakia,SVK,Turkmenistan,TKM,2021,import,1.245426,SVK,False
Slovenia,SVN,Turkmenistan,TKM,2021,export,4841.3583183,SVN,False
Slovenia,SVN,Turkmenistan,TKM,2021,import,0.472657,SVN,False
Spain,ESP,Turkmenistan,TKM,2021,export,6804.25900665934,ESP,False
Spain,ESP,Turkmenistan,TKM,2021,import,15061.9636652686,ESP,False
Sweden,SWE,Turkmenistan,TKM,2021,export,277.500313,SWE,False
Sweden,SWE,Turkmenistan,TKM,2021,import,8.045177,SWE,False
Austria,AUT,Turkmenistan,TKM,2023,export,26194.543271,AUT,False
Austria,AUT,Turkmenistan,TKM,2023,import,1510.444679,AUT,False
Belgium,BEL,Turkmenistan,TKM,2023,export,12880.199261,BEL,False
Belgium,BEL,Turkmenistan,TKM,2023,import,3493.862604,BEL,False
Bulgaria,BGR,Turkmenistan,TKM,2023,export,1517.085435,BGR,False
Bulgaria,BGR,Turkmenistan,TKM,2023,import,3667.736989,BGR,False
Cyprus,CYP,Turkmenistan,TKM,2023,import,5364.949975,CYP,False
Czechia,CZE,Turkmenistan,TKM,2023,export,13911.395,CZE,False
Czechia,CZE,Turkmenistan,TKM,2023,import,34.787,CZE,False
Denmark,DNK,Turkmenistan,TKM,2023,export,29721.519119,DNK,False
Denmark,DNK,Turkmenistan,TKM,2023,import,6.518714,DNK,False
Estonia,EST,Turkmenistan,TKM,2023,export,2013.85945,EST,False
Estonia,EST,Turkmenistan,TKM,2023,import,20.35208,EST,False
Finland,FIN,Turkmenistan,TKM,2023,export,4945.219878,FIN,False
Finland,FIN,Turkmenistan,TKM,2023,import,0.152459,FIN,False
France,FRA,Turkmenistan,TKM,2023,export,69692.921292,FRA,False
France,FRA,Turkmenistan,TKM,2023,import,6470.618502,FRA,False
Germany,DEU,Turkmenistan,TKM,2023,export,218930.527923,DEU,False
Germany,DEU,Turkmenistan,TKM,2023,import,5719.533146,DEU,False
Greece,GRC,Turkmenistan,TKM,2023,export,4035.060936,GRC,False
Greece,GRC,Turkmenistan,TKM,2023,import,1033717.665573,GRC,False
Hungary,HUN,Turkmenistan,TKM,2023,export,6436.048,HUN,False
Hungary,HUN,Turkmenistan,TKM,2023,import,4.092,HUN,False
Ireland,IRL,Turkmenistan,TKM,2023,export,6464.45419,IRL,False
Ireland,IRL,Turkmenistan,TKM,2023,import,140.908764,IRL,False
Italy,ITA,Turkmenistan,TKM,2023,export,160923.464628,ITA,False
Italy,ITA,Turkmenistan,TKM,2023,import,86691.372264,ITA,False
Latvia,LVA,Turkmenistan,TKM,2023,export,7632.508673,LVA,False
Lithuania,LTU,Turkmenistan,TKM,2023,export,15954.859,LTU,False
Lithuania,LTU,Turkmenistan,TKM,2023,import,1131.122,LTU,False
Luxembourg,LUX,Turkmenistan,TKM,2023,export,1601.489552,LUX,False
Luxembourg,LUX,Turkmenistan,TKM,2023,import,1.107554,LUX,False
Malta,MLT,Turkmenistan,TKM,2023,import,0.022707,MLT,False
Netherlands,NLD,Turkmenistan,TKM,2023,export,78951.91423,NLD,False
Netherlands,NLD,Turkmenistan,TKM,2023,import,390.637483,NLD,False
Poland,POL,Turkmenistan,TKM,2023,export,38198.57,POL,False
Poland,POL,Turkmenistan,TKM,2023,import,21724.016,POL,False
Portugal,PRT,Turkmenistan,TKM,2023,export,172.805107,PRT,False
Portugal,PRT,Turkmenistan,TKM,2023,import,1734.361354,PRT,False
Romania,ROM,Turkmenistan,TKM,2023,export,2837.1873,ROU,False
Romania,ROM,Turkmenistan,TKM,2023,import,72609.89742,ROU,False
Slovakia,SVK,Turkmenistan,TKM,2023,export,3307.699104,SVK,False
Slovakia,SVK,Turkmenistan,TKM,2023,import,412.37747,SVK,False
Slovenia,SVN,Turkmenistan,TKM,2023,export,8312.539881,SVN,False
Slovenia,SVN,Turkmenistan,TKM,2023,import,2940.306767,SVN,False
Spain,ESP,Turkmenistan,TKM,2023,export,6525.026804,ESP,False
Spain,ESP,Turkmenistan,TKM,2023,import,57292.959021,ESP,False
Sweden,SWE,Turkmenistan,TKM,2023,export,571.810321,SWE,False
Sweden,SWE,Turkmenistan,TKM,2023,import,68.42497,SWE,False
Austria,AUT,Ukraine,UKR,2021,export,733146.589015,AUT,False
Austria,AUT,Ukraine,UKR,2021,import,1240972.797645,AUT,False
Belgium,BEL,Ukraine,UKR,2021,export,678796.688201,BEL,False
Belgium,BEL,Ukraine,UKR,2021,import,615820.32035,BEL,False
Bulgaria,BGR,Ukraine,UKR,2021,export,479947.025765979,BGR,False
Bulgaria,BGR,Ukraine,UKR,2021,import,988347.860774236,BGR,False
Croatia,HRV,Ukraine,UKR,2021,export,68721.167,HRV,False
Croatia,HRV,Ukraine,UKR,2021,import,52147.805,HRV,False
Cyprus,CYP,Ukraine,UKR,2021,export,12480.260375,CYP,False
Cyprus,CYP,Ukraine,UKR,2021,import,24900.823117,CYP,False
Czechia,CZE,Ukraine,UKR,2021,export,1604829.143,CZE,False
Czechia,CZE,Ukraine,UKR,2021,import,1839264.957,CZE,False
Denmark,DNK,Ukraine,UKR,2021,export,387315.364922,DNK,False
Denmark,DNK,Ukraine,UKR,2021,import,266384.434125,DNK,False
Estonia,EST,Ukraine,UKR,2021,export,194768.68684,EST,False
Estonia,EST,Ukraine,UKR,2021,import,155683.81465,EST,False
Finland,FIN,Ukraine,UKR,2021,export,279895.368991027,FIN,False
Finland,FIN,Ukraine,UKR,2021,import,115622.037453604,FIN,False
France,FRA,Ukraine,UKR,2021,export,1427817.331182,FRA,False
France,FRA,Ukraine,UKR,2021,import,861287.836848,FRA,False
Germany,DEU,Ukraine,UKR,2021,export,6471885.86533574,DEU,False
Germany,DEU,Ukraine,UKR,2021,import,3677119.94504897,DEU,False
Greece,GRC,Ukraine,UKR,2021,export,400664.235736,GRC,False
Greece,GRC,Ukraine,UKR,2021,import,234618.384519,GRC,False
Hungary,HUN,Ukraine,UKR,2021,export,3259624.309,HUN,False
Hungary,HUN,Ukraine,UKR,2021,import,2137768.353,HUN,False
Ireland,IRL,Ukraine,UKR,2021,export,108307.363448,IRL,False
Ireland,IRL,Ukraine,UKR,2021,import,83379.25333,IRL,False
Italy,ITA,Ukraine,UKR,2021,export,2495262.61486611,ITA,False
Italy,ITA,Ukraine,UKR,2021,import,3889213.67343812,ITA,False
Latvia,LVA,Ukraine,UKR,2021,export,273232.050181,LVA,False
Latvia,LVA,Ukraine,UKR,2021,import,266793.179999,LVA,False
Lithuania,LTU,Ukraine,UKR,2021,export,1550502.92398,LTU,False
Lithuania,LTU,Ukraine,UKR,2021,import,523806.84099,LTU,False
Luxembourg,LUX,Ukraine,UKR,2021,export,15463.0590772638,LUX,False
Luxembourg,LUX,Ukraine,UKR,2021,import,62535.425835029,LUX,False
Malta,MLT,Ukraine,UKR,2021,export,5611.836654,MLT,False
Malta,MLT,Ukraine,UKR,2021,import,7027.844105,MLT,False
Netherlands,NLD,Ukraine,UKR,2021,export,1472538.90317001,NLD,False
Netherlands,NLD,Ukraine,UKR,2021,import,2420555.43702719,NLD,False
Poland,POL,Ukraine,UKR,2021,export,7054557.763,POL,False
Poland,POL,Ukraine,UKR,2021,import,5041754.737,POL,False
Portugal,PRT,Ukraine,UKR,2021,export,42141.9976304317,PRT,False
Portugal,PRT,Ukraine,UKR,2021,import,350754.49531767,PRT,False
Romania,ROM,Ukraine,UKR,2021,export,839248.62802,ROU,False
Romania,ROM,Ukraine,UKR,2021,import,1621814.12255,ROU,False
Slovakia,SVK,Ukraine,UKR,2021,export,976484.941728,SVK,False
Slovakia,SVK,Ukraine,UKR,2021,import,927768.912719,SVK,False
Slovenia,SVN,Ukraine,UKR,2021,export,288183.0195192,SVN,False
Slovenia,SVN,Ukraine,UKR,2021,import,101856.7082749,SVN,False
Spain,ESP,Ukraine,UKR,2021,export,806369.401141009,ESP,False
Spain,ESP,Ukraine,UKR,2021,import,1830555.15050604,ESP,False
Sweden,SWE,Ukraine,UKR,2021,export,560412.231086,SWE,False
Sweden,SWE,Ukraine,UKR,2021,import,110793.865354,SWE,False
Austria,AUT,Ukraine,UKR,2023,export,665036.903026,AUT,False
Austria,AUT,Ukraine,UKR,2023,import,1005005.581868,AUT,False
Belgium,BEL,Ukraine,UKR,2023,export,529619.078551,BEL,False
Belgium,BEL,Ukraine,UKR,2023,import,458226.338059,BEL,False
Bulgaria,BGR,Ukraine,UKR,2023,export,909869.360388,BGR,False
Bulgaria,BGR,Ukraine,UKR,2023,import,1053646.063988,BGR,False
Croatia,HRV,Ukraine,UKR,2023,export,97444.942,HRV,False
Croatia,HRV,Ukraine,UKR,2023,import,101779.159,HRV,False
Cyprus,CYP,Ukraine,UKR,2023,export,5879.499761,CYP,False
Cyprus,CYP,Ukraine,UKR,2023,import,108143.505968,CYP,False
Czechia,CZE,Ukraine,UKR,2023,export,1992521.866,CZE,False
Czechia,CZE,Ukraine,UKR,2023,import,1437097.211,CZE,False
Denmark,DNK,Ukraine,UKR,2023,export,341293.155667,DNK,False
Denmark,DNK,Ukraine,UKR,2023,import,239606.278923,DNK,False
Estonia,EST,Ukraine,UKR,2023,export,249672.99921,EST,False
Estonia,EST,Ukraine,UKR,2023,import,107674.31788,EST,False
Finland,FIN,Ukraine,UKR,2023,export,172645.18417,FIN,False
Finland,FIN,Ukraine,UKR,2023,import,91630.112099,FIN,False
France,FRA,Ukraine,UKR,2023,export,1192646.867553,FRA,False
France,FRA,Ukraine,UKR,2023,import,453668.17873,FRA,False
Germany,DEU,Ukraine,UKR,2023,export,7850949.915505,DEU,False
Germany,DEU,Ukraine,UKR,2023,import,3184940.339855,DEU,False
Greece,GRC,Ukraine,UKR,2023,export,897841.576599,GRC,False
Greece,GRC,Ukraine,UKR,2023,import,328782.47164,GRC,False
Hungary,HUN,Ukraine,UKR,2023,export,2828833.585,HUN,False
Hungary,HUN,Ukraine,UKR,2023,import,1398924.436,HUN,False
Ireland,IRL,Ukraine,UKR,2023,export,45232.467976,IRL,False
Ireland,IRL,Ukraine,UKR,2023,import,24553.464042,IRL,False
Italy,ITA,Ukraine,UKR,2023,export,1894857.923056,ITA,False
Italy,ITA,Ukraine,UKR,2023,import,1849018.288149,ITA,False
Latvia,LVA,Ukraine,UKR,2023,export,537976.748523,LVA,False
Latvia,LVA,Ukraine,UKR,2023,import,323632.517874,LVA,False
Lithuania,LTU,Ukraine,UKR,2023,export,1329849.15,LTU,False
Lithuania,LTU,Ukraine,UKR,2023,import,534096.018,LTU,False
Luxembourg,LUX,Ukraine,UKR,2023,export,8027.426434,LUX,False
Luxembourg,LUX,Ukraine,UKR,2023,import,35741.993062,LUX,False
Malta,MLT,Ukraine,UKR,2023,export,3096.284057,MLT,False
Malta,MLT,Ukraine,UKR,2023,import,5218.136403,MLT,False
Netherlands,NLD,Ukraine,UKR,2023,export,1368186.134223,NLD,False
Netherlands,NLD,Ukraine,UKR,2023,import,1448080.171858,NLD,False
Poland,POL,Ukraine,UKR,2023,export,12266077.411,POL,False
Poland,POL,Ukraine,UKR,2023,import,4791067.524,POL,False
Portugal,PRT,Ukraine,UKR,2023,export,70813.308048,PRT,False
Portugal,PRT,Ukraine,UKR,2023,import,390879.818232,PRT,False
Romania,ROM,Ukraine,UKR,2023,export,2688458.64483,ROU,False
Romania,ROM,Ukraine,UKR,2023,import,1588050.28552,ROU,False
Slovakia,SVK,Ukraine,UKR,2023,export,2034816.863958,SVK,False
Slovakia,SVK,Ukraine,UKR,2023,import,1064613.56156,SVK,False
Slovenia,SVN,Ukraine,UKR,2023,export,256167.16376,SVN,False
Slovenia,SVN,Ukraine,UKR,2023,import,100308.315921,SVN,False
Spain,ESP,Ukraine,UKR,2023,export,774700.126763,ESP,False
Spain,ESP,Ukraine,UKR,2023,import,3143394.072248,ESP,False
Sweden,SWE,Ukraine,UKR,2023,export,586161.091937,SWE,False
Sweden,SWE,Ukraine,UKR,2023,import,105743.345474,SWE,False
Austria,AUT,Uzbekistan,UZB,2021,export,95817.898987,AUT,False
Austria,AUT,Uzbekistan,UZB,2021,import,6727.637411,AUT,False
Belgium,BEL,Uzbekistan,UZB,2021,export,49263.414862,BEL,False
Belgium,BEL,Uzbekistan,UZB,2021,import,5173.778124,BEL,False
Bulgaria,BGR,Uzbekistan,UZB,2021,export,25488.5848705504,BGR,False
Bulgaria,BGR,Uzbekistan,UZB,2021,import,14835.3189983876,BGR,False
Croatia,HRV,Uzbekistan,UZB,2021,export,487.052,HRV,False
Croatia,HRV,Uzbekistan,UZB,2021,import,604.374,HRV,False
Cyprus,CYP,Uzbekistan,UZB,2021,export,374.440207,CYP,False
Cyprus,CYP,Uzbekistan,UZB,2021,import,1.548207,CYP,False
Czechia,CZE,Uzbekistan,UZB,2021,export,67582.708,CZE,False
Czechia,CZE,Uzbekistan,UZB,2021,import,7799.719,CZE,False
Denmark,DNK,Uzbekistan,UZB,2021,export,12051.009632,DNK,False
Denmark,DNK,Uzbekistan,UZB,2021,import,96.728495,DNK,False
Estonia,EST,Uzbekistan,UZB,2021,export,108656.07981,EST,False
Estonia,EST,Uzbekistan,UZB,2021,import,9513.59261,EST,False
Finland,FIN,Uzbekistan,UZB,2021,export,60289.1878866881,FIN,False
Finland,FIN,Uzbekistan,UZB,2021,import,3522.44310494355,FIN,False
France,FRA,Uzbekistan,UZB,2021,export,197714.976722,FRA,False
France,FRA,Uzbekistan,UZB,2021,import,102884.328812,FRA,False
Germany,DEU,Uzbekistan,UZB,2021,export,686019.030131589,DEU,False
Germany,DEU,Uzbekistan,UZB,2021,import,64673.3088562537,DEU,False
Greece,GRC,Uzbekistan,UZB,2021,export,9321.001338,GRC,False
Greece,GRC,Uzbekistan,UZB,2021,import,12005.463471,GRC,False
Hungary,HUN,Uzbekistan,UZB,2021,export,111661.382,HUN,False
Hungary,HUN,Uzbekistan,UZB,2021,import,1200.891,HUN,False
Ireland,IRL,Uzbekistan,UZB,2021,export,39403.009986,IRL,False
Ireland,IRL,Uzbekistan,UZB,2021,import,144.015191,IRL,False
Italy,ITA,Uzbekistan,UZB,2021,export,430559.697851807,ITA,False
Italy,ITA,Uzbekistan,UZB,2021,import,47090.5251331965,ITA,False
Latvia,LVA,Uzbekistan,UZB,2021,export,66739.732898,LVA,False
Latvia,LVA,Uzbekistan,UZB,2021,import,14355.291706,LVA,False
Lithuania,LTU,Uzbekistan,UZB,2021,export,183339.984,LTU,False
Lithuania,LTU,Uzbekistan,UZB,2021,import,78174.57,LTU,False
Luxembourg,LUX,Uzbekistan,UZB,2021,export,1608.69834259976,LUX,False
Luxembourg,LUX,Uzbekistan,UZB,2021,import,104.319847929364,LUX,False
Netherlands,NLD,Uzbekistan,UZB,2021,export,165000.723924515,NLD,False
Netherlands,NLD,Uzbekistan,UZB,2021,import,12263.6911628125,NLD,False
Poland,POL,Uzbekistan,UZB,2021,export,185683.25,POL,False
Poland,POL,Uzbekistan,UZB,2021,import,105304.266,POL,False
Portugal,PRT,Uzbekistan,UZB,2021,export,2939.71878160965,PRT,False
Portugal,PRT,Uzbekistan,UZB,2021,import,14513.7848209092,PRT,False
Romania,ROM,Uzbekistan,UZB,2021,export,17846.76918,ROU,False
Romania,ROM,Uzbekistan,UZB,2021,import,10790.1777,ROU,False
Slovakia,SVK,Uzbekistan,UZB,2021,export,23859.158888,SVK,False
Slovakia,SVK,Uzbekistan,UZB,2021,import,632.88434,SVK,False
Slovenia,SVN,Uzbekistan,UZB,2021,export,79664.9533005,SVN,False
Slovenia,SVN,Uzbekistan,UZB,2021,import,3327.3915266,SVN,False
Spain,ESP,Uzbekistan,UZB,2021,export,59218.8696806644,ESP,False
Spain,ESP,Uzbekistan,UZB,2021,import,13670.7982203295,ESP,False
Sweden,SWE,Uzbekistan,UZB,2021,export,44632.893766,SWE,False
Sweden,SWE,Uzbekistan,UZB,2021,import,166.383591,SWE,False
Austria,AUT,Uzbekistan,UZB,2023,export,141090.606371,AUT,False
Austria,AUT,Uzbekistan,UZB,2023,import,13887.444361,AUT,False
Belgium,BEL,Uzbekistan,UZB,2023,export,135589.5746,BEL,False
Belgium,BEL,Uzbekistan,UZB,2023,import,41106.97355,BEL,False
Bulgaria,BGR,Uzbekistan,UZB,2023,export,53365.988512,BGR,False
Bulgaria,BGR,Uzbekistan,UZB,2023,import,13906.200316,BGR,False
Croatia,HRV,Uzbekistan,UZB,2023,export,1336.682,HRV,False
Croatia,HRV,Uzbekistan,UZB,2023,import,321.253,HRV,False
Cyprus,CYP,Uzbekistan,UZB,2023,export,165.689278,CYP,False
Cyprus,CYP,Uzbekistan,UZB,2023,import,37.303767,CYP,False
Czechia,CZE,Uzbekistan,UZB,2023,export,182869.864,CZE,False
Czechia,CZE,Uzbekistan,UZB,2023,import,6893.352,CZE,False
Denmark,DNK,Uzbekistan,UZB,2023,export,25782.382779,DNK,False
Denmark,DNK,Uzbekistan,UZB,2023,import,336.025666,DNK,False
Estonia,EST,Uzbekistan,UZB,2023,export,171158.36348,EST,False
Estonia,EST,Uzbekistan,UZB,2023,import,22317.77355,EST,False
Finland,FIN,Uzbekistan,UZB,2023,export,97973.93023,FIN,False
Finland,FIN,Uzbekistan,UZB,2023,import,5359.517681,FIN,False
France,FRA,Uzbekistan,UZB,2023,export,662491.025785,FRA,False
France,FRA,Uzbekistan,UZB,2023,import,97565.382613,FRA,False
Germany,DEU,Uzbekistan,UZB,2023,export,1111803.922013,DEU,False
Germany,DEU,Uzbekistan,UZB,2023,import,82902.263217,DEU,False
Greece,GRC,Uzbekistan,UZB,2023,export,11431.966583,GRC,False
Greece,GRC,Uzbekistan,UZB,2023,import,7627.75866,GRC,False
Hungary,HUN,Uzbekistan,UZB,2023,export,99089.928,HUN,False
Hungary,HUN,Uzbekistan,UZB,2023,import,3025.976,HUN,False
Ireland,IRL,Uzbekistan,UZB,2023,export,72353.358943,IRL,False
Ireland,IRL,Uzbekistan,UZB,2023,import,148.50792,IRL,False
Italy,ITA,Uzbekistan,UZB,2023,export,536256.668565,ITA,False
Italy,ITA,Uzbekistan,UZB,2023,import,148126.353162,ITA,False
Latvia,LVA,Uzbekistan,UZB,2023,export,97808.869169,LVA,False
Latvia,LVA,Uzbekistan,UZB,2023,import,34792.598871,LVA,False
Lithuania,LTU,Uzbekistan,UZB,2023,export,329029.125,LTU,False
Lithuania,LTU,Uzbekistan,UZB,2023,import,107837.224,LTU,False
Luxembourg,LUX,Uzbekistan,UZB,2023,export,4525.710468,LUX,False
Luxembourg,LUX,Uzbekistan,UZB,2023,import,6.935635,LUX,False
Malta,MLT,Uzbekistan,UZB,2023,export,141.627808,MLT,False
Malta,MLT,Uzbekistan,UZB,2023,import,578.156494,MLT,False
Netherlands,NLD,Uzbekistan,UZB,2023,export,221782.282892,NLD,False
Netherlands,NLD,Uzbekistan,UZB,2023,import,20113.653986,NLD,False
Poland,POL,Uzbekistan,UZB,2023,export,435622.694,POL,False
Poland,POL,Uzbekistan,UZB,2023,import,169715.781,POL,False
Portugal,PRT,Uzbekistan,UZB,2023,export,8366.892263,PRT,False
Portugal,PRT,Uzbekistan,UZB,2023,import,7376.425338,PRT,False
Romania,ROM,Uzbekistan,UZB,2023,export,21444.92265,ROU,False
Romania,ROM,Uzbekistan,UZB,2023,import,34807.32144,ROU,False
Slovakia,SVK,Uzbekistan,UZB,2023,export,47199.046904,SVK,False
Slovakia,SVK,Uzbekistan,UZB,2023,import,5762.490277,SVK,False
Slovenia,SVN,Uzbekistan,UZB,2023,export,105703.074169,SVN,False
Slovenia,SVN,Uzbekistan,UZB,2023,import,8445.455205,SVN,False
Spain,ESP,Uzbekistan,UZB,2023,export,137445.429047,ESP,False
Spain,ESP,Uzbekistan,UZB,2023,import,7846.767219,ESP,False
Sweden,SWE,Uzbekistan,UZB,2023,export,21104.862034,SWE,False
Sweden,SWE,Uzbekistan,UZB,2023,import,2508.255823,SWE,False
