Code,iso3,Country,code_note,Value2021,Share2021,Value2023,Share2023,abs_change,pct_change,status
CHN,CHN,China,,68679248.08,0.139502994588772,129205577.99,0.301806058279427,60526329.91,88.12899325790056,Present in both years
NLD,NLD,Netherlands,,42145025.16,0.0856060219236918,5716672.46,0.0133533428545994,-36428352.699999996,-86.43571230934816,Present in both years
DEU,DEU,Germany,,29645649.04,0.0602169786831446,4241584.66,0.00990774521508786,-25404064.38,-85.6923872562987,Present in both years
TUR,TUR,Turkiye,,26426295.17,0.0536777471385183,45599586.71,0.106514221275967,19173291.54,72.55383857880369,Present in both years
BLR,BLR,Belarus,,23130382.72,0.0469830079045966,0.0,,-23130382.72,-100.0,Only in 2021 (no 2023 mirror data)
GBR,GBR,United Kingdom,,22274619.79,0.0452447609853233,353054.16,0.000824684863040518,-21921565.63,-98.41499355172607,Present in both years
ITA,ITA,Italy,,19284242.45,0.0391706322558638,4391769.87,0.0102585567430969,-14892472.579999998,-77.22612188999935,Present in both years
KAZ,KAZ,Kazakhstan,,18493813.46,0.0375650932583149,16192156.67,0.0378226006619765,-2301656.790000001,-12.44554994013658,Present in both years
USA,USA,United States,,17747760.84,0.0360496926457518,4902440.53,0.011451411582425,-12845320.309999999,-72.37713211150077,Present in both years
KOR,KOR,"Korea, Rep. (South Korea)",,16894810.11,0.0343171579369694,8889358.51,0.0207642912502077,-8005451.6,-47.38408746755663,Present in both years
POL,POL,Poland,,16722433.69,0.0339670226710958,2665876.65,0.00622711291657961,-14056557.04,-84.05808209845561,Present in both years
JPN,JPN,Japan,,10726012.15,0.0217869422970036,7378690.98,0.0172355843654685,-3347321.17,-31.207508654556204,Present in both years
FRA,FRA,France,,9910301.87,0.0201300513152576,3646111.71,0.00851680415319785,-6264190.159999999,-63.20887337410641,Present in both years
FIN,FIN,Finland,,9655805.69,0.0196131123531413,1342753.05,0.00313648227551401,-8313052.64,-86.09382693574067,Present in both years
IND,IND,India,,9128108.42,0.018541240551115,67070988.51,0.156668396070907,57942880.089999996,634.7742316803025,Present in both years
BEL,BEL,Belgium,,8671672.43,0.0176141164310472,3726232.37,0.0087039547465199,-4945440.06,-57.02983017313996,Present in both years
UKR,UKR,Ukraine,,8128982.59,0.0165117913484441,4557.75,1.06462629827756e-05,-8124424.84,-99.94393209790353,Present in both years
BRA,BRA,Brazil,,5261219.63,0.0106867199931964,11134261.88,0.0260080697917993,5873042.250000001,111.62891236304463,Present in both years
UZB,UZB,Uzbekistan,,5203921.46,0.0105703345270925,6540965.52,0.0152787755114228,1337044.0599999996,25.69300997867096,Present in both years
SVK,SVK,Slovak Republic,,5101154.7,0.0103615921316096,4946488.69,0.0115543018891043,-154666.00999999978,-3.0319803867151838,Present in both years
ARE,ARE,United Arab Emirates,,5081598.96,0.0103218700267866,6447189.61,0.0150597281746209,1365590.6500000004,26.873247195406393,Present in both years
LTU,LTU,Lithuania,,4577372.44,0.00929767259513822,356724.16,0.000833257466879427,-4220648.28,-92.20679189478406,Present in both years
LVA,LVA,Latvia,,4295657.4,0.00872544600851459,655964.19,0.00153224009083942,-3639693.2100000004,-84.72959715083424,Present in both years
GRC,GRC,Greece,,4194873.23,0.00852073069908419,2644653.51,0.0061775386464331,-1550219.7200000007,-36.95510293168026,Present in both years
EGY,EGY,Egypt,,4177311.53,0.00848505893783812,5035196.64,0.0117615111841211,857885.1099999999,20.53677595838776,Present in both years
EST,EST,Estonia,,4131259.93,0.00839151778406601,194367.71,0.000454015634034305,-3936892.22,-95.29519533281945,Present in both years
CZE,CZE,Czech Republic,,4016632.33,0.00815868335576975,3468450.56,0.008101812693657,-548181.77,-13.647795589993668,Present in both years
ESP,ESP,Spain,,3844114.46,0.00780826077314271,3380075.16,0.00789538018866923,-464039.2999999998,-12.071422555924617,Present in both years
HUN,HUN,Hungary,,3719448.65,0.00755503648336049,6200594.28,0.0144837161657339,2481145.6300000004,66.70735002619274,Present in both years
MEX,MEX,Mexico,,3402925.93,0.00691210767255072,2144329.11,0.00500885121533236,-1258596.8200000003,-36.9857248112362,Present in both years
ROM,ROU,Romania,(legacy WITS/Comtrade code; standard ISO3 is 'ROU'),3343097.17,0.00679058200918279,349938.25,0.000817406535512536,-2993158.92,-89.53251334899129,Present in both years
AUT,AUT,Austria,,3228871.43,0.00655856384890012,387023.92,0.000904033444779703,-2841847.5100000002,-88.01364723277322,Present in both years
IRN,IRN,Iran,,3068188.16,0.00623217999974665,0.0,,-3068188.16,-100.0,Only in 2021 (no 2023 mirror data)
DZA,DZA,Algeria,,2989446.56,0.00607223810600437,0.0,,-2989446.56,-100.0,Only in 2021 (no 2023 mirror data)
DNK,DNK,Denmark,,2984394.15,0.00606197552531815,346975.5,0.000810485968203619,-2637418.65,-88.37367041481434,Present in both years
CHE,CHE,Switzerland,,2821567.83,0.00573123865977456,3968177.67,0.0092691049393226,1146609.8399999999,40.63733034551928,Present in both years
BGR,BGR,Bulgaria,,2669627.01,0.00542261269221033,3507514.3,0.00819306009624177,837887.29,31.385930950706108,Present in both years
MLT,MLT,Malta,,2359787.39,0.00479325876011866,1103.7,2.57808797193558e-06,-2358683.69,-99.95322883728096,Present in both years
AZE,AZE,Azerbaijan,,2323836.4,0.00472023421626243,3160252.3,0.00738190490433247,836415.8999999999,35.9928908936963,Present in both years
VNM,VNM,Vietnam,,2238516.3,0.00454692990992015,1887759.07,0.00440953968676207,-350757.22999999975,-15.669183646328587,Present in both years
KGZ,KGZ,Kyrgyz Republic,,2156018.57,0.00437935847162528,2274574.29,0.00531308563769404,118555.7200000002,5.4988264781040455,Present in both years
SAU,SAU,Saudi Arabia,,1916508.91,0.00389286050117548,3702054.37,0.00864747833899479,1785545.4600000002,93.16656190239159,Present in both years
ARM,ARM,Armenia,,1892694.6,0.00384448828319202,4378437.18,0.0102274134544111,2485742.5799999996,131.33352734244602,Present in both years
MNG,MNG,Mongolia,,1817467.73,0.00369168559632632,0.0,,-1817467.73,-100.0,Only in 2021 (no 2023 mirror data)
NOR,NOR,Norway,,1814792.48,0.00368625156207715,287901.4,0.000672497178982889,-1526891.08,-84.1358500670005,Present in both years
MDA,MDA,Moldova,,1755126.7,0.0035650569477334,321643.11,0.000751313067995789,-1433483.5899999999,-81.67408028149762,Present in both years
ISR,ISR,Israel,,1736219.84,0.00352665286408358,2341781.0,0.00547007106007726,605561.1599999999,34.87813847352418,Present in both years
BGD,BGD,Bangladesh,,1721243.89,0.00349623334246363,0.0,,-1721243.89,-100.0,Only in 2021 (no 2023 mirror data)
SGP,SGP,Singapore,,1670154.08,0.003392458451398,3578317.85,0.00835844723099337,1908163.77,114.25076242067438,Present in both years
HKG,HKG,"Hong Kong SAR, China",,1615975.88,0.00328241034585343,8260172.31,0.019294600777862,6644196.43,411.156906005305,Present in both years
MYS,MYS,Malaysia,,1429731.12,0.0029041053633032,2498356.47,0.00583580933669877,1068625.35,74.74309924792013,Present in both years
SER,SRB,Serbia,(legacy WITS/Comtrade code; standard ISO3 is 'SRB'),1284843.58,0.00260980619326779,1725331.87,0.00403013259186747,440488.29000000004,34.28341759702765,Present in both years
SEN,SEN,Senegal,,1221345.02,0.00248082634098757,828440.5,0.00193512049335354,-392904.52,-32.169822086800664,Present in both years
MAR,MAR,Morocco,,1213927.78,0.00246576025886654,895864.32,0.00209261305416168,-318063.4600000001,-26.20118471957204,Present in both years
TJK,TJK,Tajikistan,,1114246.51,0.00226328518731052,899449.7,0.00210098799758183,-214796.81000000006,-19.27731503507245,Present in both years
SWE,SWE,Sweden,,1071599.28,0.00217665907444181,47344.14,0.000110589252401589,-1024255.14,-95.5819175242447,Present in both years
NGA,NGA,Nigeria,,883388.55,0.00179436076479586,1510783.83,0.00352897854518236,627395.28,71.02144124462559,Present in both years
GEO,GEO,Georgia,,873295.99,0.00177386050623993,1744261.4,0.00407434931163497,870965.4099999999,99.73312828334412,Present in both years
HRV,HRV,Croatia,,866756.9,0.00176057814421082,63271.09,0.000147792367582,-803485.81,-92.70024963170181,Present in both years
UNS,UNS,Unspecified (not allocated to a single country),,835134.98,0.00169634691486614,0.0,,-835134.98,-100.0,Unspecified / not allocated
CAN,CAN,Canada,,737710.16,0.00149845520059692,52391.72,0.000122379689373033,-685318.4400000001,-92.89806175368386,Present in both years
TKM,TKM,Turkmenistan,,725003.18,0.00147264446719875,0.0,,-725003.18,-100.0,Only in 2021 (no 2023 mirror data)
IDN,IDN,Indonesia,,680976.07,0.00138321550779991,2433798.07,0.00568500999400836,1752822.0,257.39847216657705,Present in both years
PRT,PRT,Portugal,,603774.25,0.00122640125343944,361368.06,0.000844104964145778,-242406.19,-40.1484809926889,Present in both years
KWT,KWT,Kuwait,,595869.71,0.00121034535545461,59633.32,0.000139295048490156,-536236.39,-89.99222162173675,Present in both years
SYR,SYR,Syrian Arab Republic,,594438.26,0.00120743775865956,0.0,,-594438.26,-100.0,Only in 2021 (no 2023 mirror data)
PHL,PHL,Philippines,,531844.32,0.00108029539299274,166720.56,0.000389435780022075,-365123.75999999995,-68.65237556734647,Present in both years
LBN,LBN,Lebanon,,520080.28,0.00105639998274377,586277.2,0.00136946108321108,66196.91999999993,12.728211882980819,Present in both years
THA,THA,Thailand,,494185.46,0.0010038017811716,686756.16,0.00160416580207363,192570.7,38.9672937767129,Present in both years
IRL,IRL,Ireland,,464580.24,0.000943666922958695,79211.86,0.00018502776433872,-385368.38,-82.94980001732317,Present in both years
ECU,ECU,Ecuador,,460373.29,0.000935121661624418,157145.14,0.000367068945621213,-303228.14999999997,-65.86571301736467,Present in both years
UGA,UGA,Uganda,,407745.24,0.000828222259263232,201856.75,0.000471508978190638,-205888.49,-50.49439449004972,Present in both years
BHS,BHS,Bahamas,,394206.98,0.000800723009281324,0.81,1.89204607888722e-09,-394206.17,-99.99979452418626,Present in both years
ARG,ARG,Argentina,,370011.4,0.000751576346203702,139817.86,0.000326594856507903,-230193.54000000004,-62.21255345105584,Present in both years
PER,PER,Peru,,368262.44,0.00074802381521018,331188.72,0.00077361027042923,-37073.72000000003,-10.06720098851244,Present in both years
PAK,PAK,Pakistan,,343428.6,0.000697580702567144,885599.04,0.00206863480382504,542170.4400000001,157.86991531864268,Present in both years
ZAF,ZAF,South Africa,,342222.39,0.000695130618854712,522809.94,0.00122121049009909,180587.55,52.76906341516696,Present in both years
SVN,SVN,Slovenia,,339039.22,0.000688664884885582,258125.42,0.000602944677496439,-80913.79999999996,-23.86561649121301,Present in both years
COL,COL,Colombia,,336601.92,0.000683714180586735,325758.29,0.000760925549703092,-10843.630000000005,-3.221499746644346,Present in both years
TUN,TUN,Tunisia,,333025.09,0.000676448834647687,2121541.12,0.00495562167567159,1788516.03,537.0514365749439,Present in both years
LBY,LBY,Libya,,331968.88,0.000674303434661027,0.0,,-331968.88,-100.0,Only in 2021 (no 2023 mirror data)
CMR,CMR,Cameroon,,309651.5,0.000628971818075053,55935.12,0.00013065657341739,-253716.38,-81.93610558967097,Present in both years
SUD,SDN,Sudan,(legacy WITS/Comtrade code; standard ISO3 is 'SDN'),306297.71,0.00062215951652398,0.0,,-306297.71,-100.0,Only in 2021 (no 2023 mirror data)
TGO,TGO,Togo,,287602.88,0.000584186113476671,15742.38,3.67719856189537e-05,-271860.5,-94.52634827578918,Present in both years
LCA,LCA,St. Lucia,,285019.68,0.000578939053473888,0.0,,-285019.68,-100.0,Only in 2021 (no 2023 mirror data)
MMR,MMR,Myanmar,,284332.68,0.000577543602009847,24984.07,5.83592736767206e-05,-259348.61,-91.21308531963332,Present in both years
IRQ,IRQ,Iraq,,282680.96,0.00057418858731962,0.0,,-282680.96,-100.0,Only in 2021 (no 2023 mirror data)
JOR,JOR,Jordan,,247926.88,0.000503595236784823,205116.26,0.000479122735122235,-42810.619999999995,-17.26743788329849,Present in both years
AUS,AUS,Australia,,236370.35,0.000480121326002091,8607.37,2.01056057506561e-05,-227762.98,-96.35852381654468,Present in both years
YEM,YEM,Yemen,,234383.07,0.000476084713505061,0.0,,-234383.07,-100.0,Only in 2021 (no 2023 mirror data)
CYP,CYP,Cyprus,,230658.14,0.000468518543167432,18326.64,4.28084535199723e-05,-212331.5,-92.05463115240589,Present in both years
KEN,KEN,Kenya,,221111.6,0.000449127373997813,590394.5,0.00137907851694022,369282.9,167.01199756141244,Present in both years
GIB,GIB,Gibraltar,,196158.35,0.000398441712796814,0.0,,-196158.35,-100.0,Only in 2021 (no 2023 mirror data)
ETH,ETH,Ethiopia,,194694.46,0.000395468223067999,18780.67,4.38690037436725e-05,-175913.78999999998,-90.3537727781263,Present in both years
GTM,GTM,Guatemala,,182921.31,0.000371554308360755,144937.45,0.00033855349871162,-37983.859999999986,-20.765136659036603,Present in both years
OMN,OMN,Oman,,168175.74,0.000341602740319092,490021.58,0.00114462149260385,321845.84,191.37471314233554,Present in both years
GHA,GHA,Ghana,,166391.35,0.000337978243029543,1051877.13,0.00245703703615758,885485.7799999999,532.1705605489708,Present in both years
RWA,RWA,Rwanda,,162167.04,0.00032939771963207,0.0,,-162167.04,-100.0,Only in 2021 (no 2023 mirror data)
TZA,TZA,Tanzania,,158410.31,0.000321766956344577,384388.43,0.000897877310803843,225978.12,142.6536694486615,Present in both years
VEN,VEN,Venezuela,,146601.45,0.00029778050659835,0.0,,-146601.45,-100.0,Only in 2021 (no 2023 mirror data)
NIC,NIC,Nicaragua,,145357.22,0.000295253195717558,105299.73,0.000245965359573312,-40057.490000000005,-27.557963753021696,Present in both years
HND,HND,Honduras,,143102.39,0.00029067312901499,191305.21,0.000446862064754562,48202.81999999998,33.68414741361062,Present in both years
ALB,ALB,Albania,,132543.11,0.000269224857202441,43285.46,0.000101108746747938,-89257.65,-67.34235374437796,Present in both years
CUB,CUB,Cuba,,130799.83,0.000265683863566002,0.0,,-130799.83,-100.0,Only in 2021 (no 2023 mirror data)
CIV,CIV,Cote d'Ivoire,,129386.93,0.000262813945991702,499079.41,0.0011657793095603,369692.48,285.7262939927549,Present in both years
QAT,QAT,Qatar,,124182.85,0.000252243289434224,11255.14,2.62904240794156e-05,-112927.71,-90.93663899644758,Present in both years
COG,COG,"Congo, Rep.",,122440.08,0.000248703331722452,32970.45,7.70143341254901e-05,-89469.63,-73.07217538570704,Present in both years
ZAR,COD,"Congo, Dem. Rep.",(legacy WITS/Comtrade code; standard ISO3 is 'COD'),118087.62,0.000239862506861927,149494.06,0.000349197098814729,31406.440000000002,26.595878551875295,Present in both years
BIH,BIH,Bosnia and Herzegovina,,108381.49,0.000220147174520334,255722.17,0.000597331023497568,147340.68,135.94635024855256,Present in both years
CHL,CHL,Chile,,99891.43,0.000202901953768081,49145.78,0.000114797630052906,-50745.649999999994,-50.800804433373315,Present in both years
DOM,DOM,Dominican Republic,,93707.84,0.000190341692169055,53072.72,0.000123970409594912,-40635.119999999995,-43.36362891301304,Present in both years
LKA,LKA,Sri Lanka,,89559.58,0.000181915643420549,395039.37,0.00092275640865997,305479.79,341.09113731886634,Present in both years
MLI,MLI,Mali,,88656.66,0.000180081609889382,0.0,,-88656.66,-100.0,Only in 2021 (no 2023 mirror data)
AGO,AGO,Angola,,87654.09,0.000178045164803059,89108.18,0.000208144176007131,1454.0899999999965,1.6588957799915514,Present in both years
SLV,SLV,El Salvador,,86713.65,0.000176134919715951,45292.98,0.000105798031123601,-41420.66999999999,-47.767185443122266,Present in both years
AFG,AFG,Afghanistan,,81933.82,0.000166426010296201,0.0,,-81933.82,-100.0,Only in 2021 (no 2023 mirror data)
MKD,MKD,North Macedonia,,81198.64,0.000164932694419442,265340.93,0.000619799094042947,184142.28999999998,226.78001749782996,Present in both years
NZL,NZL,New Zealand,,63319.47,0.000128616080223893,1300.1,3.03685074958181e-06,-62019.37,-97.94676108312342,Present in both years
PAN,PAN,Panama,,61067.77,0.00012404237125507,25095.49,5.86195351262387e-05,-35972.28,-58.90550776620793,Present in both years
MOZ,MOZ,Mozambique,,54780.14,0.000111270781023848,144029.0,0.00033643148727907,89248.86,162.92192754527463,Present in both years
GIN,GIN,Guinea,,54392.11,0.000110482604849769,0.0,,-54392.11,-100.0,Only in 2021 (no 2023 mirror data)
FRO,FRO,Faroe Islands,,53800.09,0.000109280079120887,0.0,,-53800.09,-100.0,Only in 2021 (no 2023 mirror data)
CRI,CRI,Costa Rica,,52239.91,0.000106111002752375,60362.88,0.000140999198042394,8122.969999999994,15.549356804022047,Present in both years
URY,URY,Uruguay,,51113.6,0.000103823213904538,27868.35,6.50965461019216e-05,-23245.25,-45.47762239403995,Present in both years
DJI,DJI,Djibouti,,49570.48,0.00010068879023177,358.08,8.36424518429548e-07,-49212.4,-99.27763459220084,Present in both years
BWA,BWA,Botswana,,48935.82,9.93996530757756e-05,145.64,3.40194556702635e-07,-48790.18,-99.70238569620372,Present in both years
BOL,BOL,Bolivia,,47208.56,9.58911996612489e-05,55494.07,0.000129626342648139,8285.510000000002,17.55086365693002,Present in both years
PRY,PRY,Paraguay,,46396.81,9.42423528986063e-05,76072.15,0.000177693843358049,29675.339999999997,63.95987137908834,Present in both years
BRB,BRB,Barbados,,38262.62,7.7719984129626e-05,0.43,1.00441952335988e-09,-38262.19,-99.99887618777804,Present in both years
BEN,BEN,Benin,,37591.9,7.63576010059553e-05,70752.05,0.000165266837994731,33160.15,88.21089117602462,Present in both years
KHM,KHM,Cambodia,,37301.86,7.57684645538003e-05,23088.18,5.39307412810398e-05,-14213.68,-38.104480580861114,Present in both years
BFA,BFA,Burkina Faso,,37272.14,7.57080965516004e-05,523904.79,0.00122376790571572,486632.64999999997,1305.6203641647621,Present in both years
HTI,HTI,Haiti,,22266.67,4.52286131744146e-05,0.0,,-22266.67,-100.0,Only in 2021 (no 2023 mirror data)
LUX,LUX,Luxembourg,,21820.3,4.43219353432587e-05,24532.72,5.73049835560963e-05,2712.420000000002,12.430718184442936,Present in both years
ISL,ISL,Iceland,,21630.76,4.39369369873717e-05,4279.03,9.99521226288983e-06,-17351.73,-80.21784717689069,Present in both years
MDG,MDG,Madagascar,,17875.73,3.63096267821043e-05,422.79,9.87577977398427e-07,-17452.94,-97.63483784997871,Present in both years
CYM,CYM,Cayman Islands,,17666.97,3.58855882848215e-05,0.0,,-17666.97,-100.0,Only in 2021 (no 2023 mirror data)
NPL,NPL,Nepal,,16737.2,3.39970163667406e-05,0.0,,-16737.2,-100.0,Only in 2021 (no 2023 mirror data)
MRT,MRT,Mauritania,,15603.13,3.16934652141566e-05,3875.01,9.05147836561574e-06,-11728.119999999999,-75.16517519241332,Present in both years
SOM,SOM,Somalia,,14773.51,3.00083204636502e-05,0.0,,-14773.51,-100.0,Only in 2021 (no 2023 mirror data)
BHR,BHR,Bahrain,,13839.84,2.81118267686991e-05,8559.12,1.99929005366977e-05,-5280.719999999999,-38.1559324385253,Present in both years
AND,AND,Andorra,,13478.45,2.7377762424318e-05,26.52,6.19469901383814e-08,-13451.93,-99.80324147064388,Present in both years
GAB,GAB,Gabon,,13163.54,2.67381094104297e-05,5179.96,1.20996580330773e-05,-7983.580000000001,-60.6491870727783,Present in both years
VGB,VGB,British Virgin Islands,,12648.56,2.56920692431052e-05,0.0,,-12648.56,-100.0,Only in 2021 (no 2023 mirror data)
MDV,MDV,Maldives,,12519.68,2.54302849859209e-05,195.82,4.57407979219376e-07,-12323.86,-98.43590251508026,Present in both years
LAO,LAO,Lao PDR,,9555.12,1.9408597078733e-05,3748.23,8.75533811637954e-06,-5806.890000000001,-60.772549167357404,Present in both years
MWI,MWI,Malawi,,9544.23,1.93864770402419e-05,37475.69,8.7537941133448e-05,27931.460000000003,292.65283841650927,Present in both years
ERI,ERI,Eritrea,,9188.92,1.86647625428787e-05,0.0,,-9188.92,-100.0,Only in 2021 (no 2023 mirror data)
BDI,BDI,Burundi,,8992.68,1.82661549805739e-05,18918.43,4.41907917286448e-05,9925.75,110.37588349635482,Present in both years
ZWE,ZWE,Zimbabwe,,7916.96,1.60811257973156e-05,172346.82,0.000402577932086026,164429.86000000002,2076.9318021058593,Present in both years
SSD,SSD,South Sudan,,7748.42,1.57387831630368e-05,0.0,,-7748.42,-100.0,Only in 2021 (no 2023 mirror data)
PSE,PSE,West Bank and Gaza,,7164.9,1.45535228452823e-05,60542.18,0.000141418017625042,53377.28,744.9829027620763,Present in both years
LBR,LBR,Liberia,,7078.54,1.43781062682305e-05,1668.44,3.8972411850106e-06,-5410.1,-76.42960271468411,Present in both years
MNT,MNE,Montenegro,(WITS code as returned; verify vs. standard ISO3 'MNE' if precision matters),6088.77,1.23676608598403e-05,8088.37,1.88932947445543e-05,1999.5999999999995,32.840787219750446,Present in both years
CAF,CAF,Central African Republic,,5827.56,1.18370846197789e-05,661.01,1.5440263933398e-06,-5166.55,-88.65717384291194,Present in both years
ZMB,ZMB,Zambia,,4546.81,9.23559340788542e-06,33726.92,7.87813416530158e-05,29180.109999999997,641.7710438747165,Present in both years
SUR,SUR,Suriname,,3486.91,7.08269820157203e-06,0.0,,-3486.91,-100.0,Only in 2021 (no 2023 mirror data)
MUS,MUS,Mauritius,,3443.86,6.99525397227513e-06,689.42,1.61038815766225e-06,-2754.44,-79.9811839041076,Present in both years
SYC,SYC,Seychelles,,3260.48,6.62276796139321e-06,401.49,9.37824173101763e-07,-2858.99,-87.6861689076455,Present in both years
NCL,NCL,New Caledonia,,2666.94,5.41715477075707e-06,0.0,,-2666.94,-100.0,Only in 2021 (no 2023 mirror data)
GUY,GUY,Guyana,,2583.71,5.24809592744971e-06,50.98,1.19082110002062e-07,-2532.73,-98.02686834048713,Present in both years
BRN,BRN,Brunei Darussalam,,2513.2,5.10487426408793e-06,239932.5,0.000560448575089638,237419.3,9446.89240808531,Present in both years
TTO,TTO,Trinidad and Tobago,,2346.34,4.76594408753783e-06,15715.56,3.67093378710084e-05,13369.22,569.7903969586675,Present in both years
TCD,TCD,Chad,,2175.42,4.41876713814347e-06,0.0,,-2175.42,-100.0,Only in 2021 (no 2023 mirror data)
SLE,SLE,Sierra Leone,,1804.75,3.66585302726114e-06,0.0,,-1804.75,-100.0,Only in 2021 (no 2023 mirror data)
GNQ,GNQ,Equatorial Guinea,,1577.33,3.20391187449221e-06,0.0,,-1577.33,-100.0,Only in 2021 (no 2023 mirror data)
SMR,SMR,San Marino,,1284.65,2.60941298876355e-06,0.0,,-1284.65,-100.0,Only in 2021 (no 2023 mirror data)
NER,NER,Niger,,1203.59,2.44476190335572e-06,12754.09,2.97917604620675e-05,11550.5,959.6706519662013,Present in both years
VCT,VCT,St. Vincent and the Grenadines,,1035.3,2.10292707528658e-06,0.74,1.72853592392165e-09,-1034.56,-99.9285231333913,Present in both years
JAM,JAM,Jamaica,,698.05,1.41789649850652e-06,100520.64,0.000234802077480535,99822.59,14300.206288947782,Present in both years
PNG,PNG,Papua New Guinea,,544.01,1.10500662438583e-06,0.0,,-544.01,-100.0,Only in 2021 (no 2023 mirror data)
GMB,GMB,Gambia,,475.13,9.65095857510782e-07,11531.17,2.6935191337632e-05,11056.04,2326.95051880538,Present in both years
MHL,MHL,Marshall Islands,,440.67,8.95099849576487e-07,0.0,,-440.67,-100.0,Only in 2021 (no 2023 mirror data)
CUW,CUW,Curacao,,423.22,8.59654976144872e-07,0.0,,-423.22,-100.0,Only in 2021 (no 2023 mirror data)
KIR,KIR,Kiribati,,326.5,6.63194909766317e-07,0.0,,-326.5,-100.0,Only in 2021 (no 2023 mirror data)
ESH,ESH,Western Sahara,,198.2,4.02588762988313e-07,0.0,,-198.2,-100.0,Only in 2021 (no 2023 mirror data)
DMA,DMA,Dominica,,192.87,3.91762334599172e-07,0.54,1.26136405259148e-09,-192.33,-99.7200186654223,Present in both years
SXM,SXM,Sint Maarten,,180.08,3.65782968914911e-07,0.0,,-180.08,-100.0,Only in 2021 (no 2023 mirror data)
ABW,ABW,Aruba,,172.62,3.50630031619791e-07,0.0,,-172.62,-100.0,Only in 2021 (no 2023 mirror data)
GRL,GRL,Greenland,,146.94,2.9846817776742e-07,0.0,,-146.94,-100.0,Only in 2021 (no 2023 mirror data)
GNB,GNB,Guinea-Bissau,,141.06,2.86524575717111e-07,0.0,,-141.06,-100.0,Only in 2021 (no 2023 mirror data)
BLZ,BLZ,Belize,,83.91,1.70440076197524e-07,140.87,3.2905250757141e-07,56.96000000000001,67.88225479680612,Present in both years
BMU,BMU,Bermuda,,81.4,1.65341701852919e-07,4.1,9.57702336226862e-09,-77.30000000000001,-94.96314496314497,Present in both years
MAC,MAC,"Macao SAR, China",,36.8,7.47490740563567e-08,6503.12,1.51903736994235e-05,6466.32,17571.521739130436,Present in both years
COM,COM,Comoros,,31.59,6.41663926478345e-08,0.0,,-31.59,-100.0,Only in 2021 (no 2023 mirror data)
ATG,ATG,Antigua and Barbuda,,29.3,5.95148877676971e-08,0.03,7.00757806995265e-11,-29.27,-99.8976109215017,Present in both years
GUM,GUM,Guam,,21.54,4.37525830210305e-08,0.0,,-21.54,-100.0,Only in 2021 (no 2023 mirror data)
CPV,CPV,Cabo Verde,,19.17,3.89385801538141e-08,50.08,1.16979836581076e-07,30.909999999999997,161.24152321335416,Present in both years
WSM,WSM,Samoa,,13.16,2.67309188745015e-08,0.0,,-13.16,-100.0,Only in 2021 (no 2023 mirror data)
SWZ,SWZ,Eswatini,,10.91,2.21606629879036e-08,1270.39,2.96745236809572e-06,1259.48,11544.271310724107,Present in both years
IOT,IOT,British Indian Ocean Territory,,8.5,1.72654111271476e-08,0.0,,-8.5,-100.0,Only in 2021 (no 2023 mirror data)
LSO,LSO,Lesotho,,8.37,1.70013518981442e-08,0.0,,-8.37,-100.0,Only in 2021 (no 2023 mirror data)
STP,STP,Sao Tome and Principe,,7.61,1.54576210208933e-08,0.0,,-7.61,-100.0,Only in 2021 (no 2023 mirror data)
PYF,PYF,French Polynesia,,5.69,1.15576693309965e-08,0.0,,-5.69,-100.0,Only in 2021 (no 2023 mirror data)
MNP,MNP,Northern Mariana Islands,,4.4,8.937389289347e-09,0.0,,-4.4,-100.0,Only in 2021 (no 2023 mirror data)
KNA,KNA,St. Kitts and Nevis,,2.47,5.01712535106525e-09,0.0,,-2.47,-100.0,Only in 2021 (no 2023 mirror data)
ATF,ATF,French Southern Territories,,0.77,1.56404312563572e-09,0.0,,-0.77,-100.0,Only in 2021 (no 2023 mirror data)
FJI,FJI,Fiji,,0.0,,0.32,7.47474994128283e-10,0.32,,New in 2023 (no 2021 record)
GRD,GRD,Grenada,,0.0,,0.2,4.67171871330177e-10,0.2,,New in 2023 (no 2021 record)
NAM,NAM,Namibia,,0.0,,33032.39,7.71590172540411e-05,33032.39,,New in 2023 (no 2021 record)
TMP,TLS,Timor-Leste,(legacy WITS/Comtrade code; standard ISO3 is 'TLS'),0.0,,3.57,8.33901790324365e-09,3.57,,New in 2023 (no 2021 record)
